comment_id,video_id,parent_comment_id,author,text,likes_count
1a96436a-3cd2-41f7-902f-535682793abc,7506921311780867351,,Barbu,Sper sÄƒ Ã®nÈ›eleagÄƒ È™i ÄƒÈ™tia cu pro Europa ğŸ˜.,0
1dcbf43c-a26d-4d3d-8621-5fffab8e0021,7506921311780867351,,Mihaela Dascalu,Simplu!Elvetia este un sta suveran!,0
399a731d-8e36-4b19-bf3f-6c56cbd5a7e1,7506921311780867351,,idk_14214,"Suveranitatea, patriotismul, Globalismul, sÄƒ ne luÄƒm È›arÄƒ Ã®napoi toate aceste idei propagandiste nu au nici o legatura cu economia, cu inflaÈ›ia, cu deficitul bugetar, È™i cu toate celelalte probleme cu care se confruntÄƒ RomÃ¢nia de 35 ani. HUGO CHAVEZ Dictatorul Venezuelei a fost ales preÈ™edinte tot pe baza acestei propagande cu Suveranism, sÄƒ e luÄƒm È›arÄƒ Ã®napoi, patriotism, GLOBALISM, etc, etc. Azi din cauza propagandei cu Suveranism, GLOBALISM, patriotism, sÄƒ ne luÄƒm È›arÄƒ Ã®napoi, Venezuela este in FALIMENT TOTAL È™i nici Ã®n ziua de azi Venezuela nu È™i-a revenit din FALIMENT. RomÃ¢nia trebuie sÄƒ urmeze calea EuropeanÄƒ. Nu putem riscÄƒ ca Romania sa ajunga la fel ca Venezuela ideologia RuseascÄƒ.",0
370d8cd1-7241-418b-a9d0-18eb80d0fe05,7506921311780867351,,AsterixusObelixus,deja e prea tÃ¢rziu. Au fÄƒcut ce au vrut. È˜i Ã®ncÄƒ fac ce vor. DemocraÈ›ia Ã®n RomÃ¢nia e moartÄƒ,0
0b81c8aa-1479-49b6-a97c-f35448b3a23e,7506921311780867351,,C.Andrei,Pe scurt: produce ca sa ai ce sa cheltuieÈ™ti ğŸ˜‚ğŸ˜³,0
43a5a1e4-e439-43ba-b875-7f10754b96b5,7506921311780867351,,MIÈšÄ‚,"nu mai este suveranÄƒ din zi7 Ã®n care a Ã®ntrat Ã®n UE È™i NATO ,",0
7035fbf0-9fc4-487e-9db8-10f91813de0b,7506921311780867351,,Gabi Grama175,"Dintre toate È›Äƒrile din Europa, doar Ungaria este suveranÄƒ!",0
e6816d53-d1a5-475b-811b-f97e653b22f6,7506921311780867351,,Dani84@,Nu mai suntem Stat Suveran din 1 Ianuarie 2007âœŒï¸âœŒï¸âœŒï¸,0
7a88434c-ee73-4ec2-9ada-5c9666e38ea8,7506921311780867351,,Febksen,"Foarte bine spus. Eu cÃ¢nd am explicat acelaÈ™i lucru, au apÄƒrut Ã®njurÄƒturi, un È™ir interminabil. Iar tik tok admite acest gen de oameni care Ã®njurÄƒ. Oricum, am realizat cÄƒ RomÃ¢nia e o È›arÄƒ plinÄƒ de oameni inculÈ›i, uÈ™or de manipulat, labili, agresivi. Sincer ? meritÄƒm. AÈ™a votanÈ›i, AÈ™a aleÈ™i.",0
c62b5e51-776b-4fac-bf54-c8c6e4c614d5,7506921311780867351,,Radu Constantin,RomÃ¢nia a murit odatÄƒ cu CeauÈ™escu.,0
538549d0-a75e-4b5e-bc2f-e242a1527028,7506921311780867351,,Grig theG,Frumos:),0
23491b4d-6106-4b6c-a0b8-dffe2fef1606,7506921311780867351,,Emilia,Euvroiam sÄƒ il repostez dar nu Ã®mi permite .,0
360ffeea-880a-4902-94f7-ec04e98a6eb1,7506921311780867351,,leon,asta este teorie pe care practica nu o mai confirma,0
32a36070-2f43-4d53-a45e-7a76bcb03405,7506921311780867351,,Enciu Viorica,nu pot reposta,0
2c533c6d-5275-4c1f-a18a-34edef7dc17d,7506921311780867351,,Liviu Griga,Se vÄƒd rezultatele democraÈ›iei au donat resursele È›Äƒrii strÄƒinilor sau bÄƒieÈ›ilor deÈ™tepÈ›i plus au distrus toatÄƒ industria din Romania!,0
f61c1ec7-e6db-4e9d-a828-80a4f2225388,7506921311780867351,,florentinviziru6,Pe 25 decembrie 1989 noi am renunÈ›at la suveranitate,0
3f2c8a17-6b3e-442e-b8d4-0c092961d7d6,7506921311780867351,,superhater,"à¤®à¥ˆà¤²à¥‡ à¤²à¥‡à¤–à¥‡à¤•à¥‹ à¤•à¥à¤°à¤¾ à¤¬à¥à¤à¥à¤¨ à¤¯à¥‹ à¤µà¤¾à¤•à¥à¤¯ à¤…à¤¨à¥à¤µà¤¾à¤¦ à¤—à¤°à¥à¤¨à¥à¤¹à¥‹à¤¸à¥ Un stat suveran ii trage la muie lui mucuÈ™or, marian enache si la tot ccr-ul ğŸ‘Œ à¤®à¥ˆà¤²à¥‡ à¤²à¥‡à¤–à¥‡à¤•à¥‹ à¤•à¥à¤°à¤¾ à¤¬à¥à¤à¥à¤¨ à¤¯à¥‹ à¤µà¤¾à¤•à¥à¤¯ à¤…à¤¨à¥à¤µà¤¾à¤¦ à¤—à¤°à¥à¤¨à¥à¤¹à¥‹à¤¸à¥",0
6f6024cc-fb61-4a8f-8a9d-51ca26e34302,7506921311780867351,,Auras 13,"AdevÄƒrat ,bine explicat ğŸ‘ğŸ‘ğŸ‘ğŸ‘ğŸ‘ğŸ‘ğŸ‘ğŸ‘ğŸ‘",0
173dd02d-8059-4599-b53f-988a593edeca,7506921311780867351,,Simona1972,"Pai ,noi ne-am imprumutat ,dar in loc sa investim,in agricultura,in industrie,in educatie ,noi ne-am imprumutat pt a da pensii speciale,in salariile colosale a directorilor de companii de stat,in licitatii pt autostrazi unde sunt smecherii din guvern unde platim de 3 ori mai mult decat ar trebuii,in administrari proaste ale statului.Ca pt noi oamenii de rad ,banii nu au ajuns pt noi.",0
6b7c1d7c-ae5a-4d3b-ad90-d6934346ed3d,7506921311780867351,,Barbu,Sper sÄƒ Ã®nÈ›eleagÄƒ È™i ÄƒÈ™tia cu pro Europa ğŸ˜.,0
098aa4c8-8586-4e2f-8cec-370ad001e68a,7506921311780867351,,Mihaela Dascalu,Simplu!Elvetia este un sta suveran!,0
a1d6189a-61ab-4908-ac0d-031e74e2557c,7506921311780867351,,idk_14214,"Suveranitatea, patriotismul, Globalismul, sÄƒ ne luÄƒm È›arÄƒ Ã®napoi toate aceste idei propagandiste nu au nici o legatura cu economia, cu inflaÈ›ia, cu deficitul bugetar, È™i cu toate celelalte probleme cu care se confruntÄƒ RomÃ¢nia de 35 ani. HUGO CHAVEZ Dictatorul Venezuelei a fost ales preÈ™edinte tot pe baza acestei propagande cu Suveranism, sÄƒ e luÄƒm È›arÄƒ Ã®napoi, patriotism, GLOBALISM, etc, etc. Azi din cauza propagandei cu Suveranism, GLOBALISM, patriotism, sÄƒ ne luÄƒm È›arÄƒ Ã®napoi, Venezuela este in FALIMENT TOTAL È™i nici Ã®n ziua de azi Venezuela nu È™i-a revenit din FALIMENT. RomÃ¢nia trebuie sÄƒ urmeze calea EuropeanÄƒ. Nu putem riscÄƒ ca Romania sa ajunga la fel ca Venezuela ideologia RuseascÄƒ.",0
e651d1c0-2db8-4110-a373-9ad16c6d5be4,7506921311780867351,,AsterixusObelixus,deja e prea tÃ¢rziu. Au fÄƒcut ce au vrut. È˜i Ã®ncÄƒ fac ce vor. DemocraÈ›ia Ã®n RomÃ¢nia e moartÄƒ,0
cfb88733-15c4-44b5-b79e-5e6e3fe20cb7,7506921311780867351,,C.Andrei,Pe scurt: produce ca sa ai ce sa cheltuieÈ™ti ğŸ˜‚ğŸ˜³,0
9a80d217-3ff6-43af-901a-1aa53ac8019d,7506921311780867351,,MIÈšÄ‚,"nu mai este suveranÄƒ din zi7 Ã®n care a Ã®ntrat Ã®n UE È™i NATO ,",0
99bc3862-1b02-4455-bbfb-339b639454e7,7506921311780867351,,Gabi Grama175,"Dintre toate È›Äƒrile din Europa, doar Ungaria este suveranÄƒ!",0
5e33ae35-2212-45dd-b0e9-24aeba55eb3a,7506921311780867351,,Dani84@,Nu mai suntem Stat Suveran din 1 Ianuarie 2007âœŒï¸âœŒï¸âœŒï¸,0
5068caab-2d09-4f10-9ce2-610e45ca09d2,7506921311780867351,,Febksen,"Foarte bine spus. Eu cÃ¢nd am explicat acelaÈ™i lucru, au apÄƒrut Ã®njurÄƒturi, un È™ir interminabil. Iar tik tok admite acest gen de oameni care Ã®njurÄƒ. Oricum, am realizat cÄƒ RomÃ¢nia e o È›arÄƒ plinÄƒ de oameni inculÈ›i, uÈ™or de manipulat, labili, agresivi. Sincer ? meritÄƒm. AÈ™a votanÈ›i, AÈ™a aleÈ™i.",0
30534236-32d9-445f-b2d6-bfedaa0cd4b2,7506921311780867351,,Radu Constantin,RomÃ¢nia a murit odatÄƒ cu CeauÈ™escu.,0
e0c8a82f-0e1e-4891-bebd-66c725ea7f6f,7506921311780867351,,Grig theG,Frumos:),0
225ff1f5-e0e7-4b2e-a15b-312a78ced94b,7506921311780867351,,Emilia,Euvroiam sÄƒ il repostez dar nu Ã®mi permite .,0
e89da773-d63f-4b36-a0a5-8f8d77287347,7506921311780867351,,leon,asta este teorie pe care practica nu o mai confirma,0
b04737f1-9e1f-4a94-9eb6-37899546eefc,7506921311780867351,,Enciu Viorica,nu pot reposta,0
9fba5ceb-3007-4be7-93c5-cb134d0cf99b,7506921311780867351,,Liviu Griga,Se vÄƒd rezultatele democraÈ›iei au donat resursele È›Äƒrii strÄƒinilor sau bÄƒieÈ›ilor deÈ™tepÈ›i plus au distrus toatÄƒ industria din Romania!,0
90682129-4a55-4926-8a96-37cb9e8a09a0,7506921311780867351,,florentinviziru6,Pe 25 decembrie 1989 noi am renunÈ›at la suveranitate,0
3dea09c5-1f85-4df6-bd73-cbeb4f4f54af,7506921311780867351,,superhater,"à¤®à¥ˆà¤²à¥‡ à¤²à¥‡à¤–à¥‡à¤•à¥‹ à¤•à¥à¤°à¤¾ à¤¬à¥à¤à¥à¤¨ à¤¯à¥‹ à¤µà¤¾à¤•à¥à¤¯ à¤…à¤¨à¥à¤µà¤¾à¤¦ à¤—à¤°à¥à¤¨à¥à¤¹à¥‹à¤¸à¥ Un stat suveran ii trage la muie lui mucuÈ™or, marian enache si la tot ccr-ul ğŸ‘Œ à¤®à¥ˆà¤²à¥‡ à¤²à¥‡à¤–à¥‡à¤•à¥‹ à¤•à¥à¤°à¤¾ à¤¬à¥à¤à¥à¤¨ à¤¯à¥‹ à¤µà¤¾à¤•à¥à¤¯ à¤…à¤¨à¥à¤µà¤¾à¤¦ à¤—à¤°à¥à¤¨à¥à¤¹à¥‹à¤¸à¥",0
1e28b8eb-cdc9-4daa-897d-dfe7a0a9f4ff,7506921311780867351,,Auras 13,"AdevÄƒrat ,bine explicat ğŸ‘ğŸ‘ğŸ‘ğŸ‘ğŸ‘ğŸ‘ğŸ‘ğŸ‘ğŸ‘",0
4e165376-b536-4353-b597-bff2ce02b44f,7506921311780867351,,Simona1972,"Pai ,noi ne-am imprumutat ,dar in loc sa investim,in agricultura,in industrie,in educatie ,noi ne-am imprumutat pt a da pensii speciale,in salariile colosale a directorilor de companii de stat,in licitatii pt autostrazi unde sunt smecherii din guvern unde platim de 3 ori mai mult decat ar trebuii,in administrari proaste ale statului.Ca pt noi oamenii de rad ,banii nu au ajuns pt noi.",0
b01bb78e-d7b5-4b49-9979-5af034856e40,7506921311780867351,,Barbu,Sper sÄƒ Ã®nÈ›eleagÄƒ È™i ÄƒÈ™tia cu pro Europa ğŸ˜.,0
bdef59cd-9105-45c8-877b-2a22edaeab7d,7506921311780867351,,Mihaela Dascalu,Simplu!Elvetia este un sta suveran!,0
d3c6d6ed-66c3-40b2-ba8b-f1996dea4c13,7506921311780867351,,idk_14214,"Suveranitatea, patriotismul, Globalismul, sÄƒ ne luÄƒm È›arÄƒ Ã®napoi toate aceste idei propagandiste nu au nici o legatura cu economia, cu inflaÈ›ia, cu deficitul bugetar, È™i cu toate celelalte probleme cu care se confruntÄƒ RomÃ¢nia de 35 ani. HUGO CHAVEZ Dictatorul Venezuelei a fost ales preÈ™edinte tot pe baza acestei propagande cu Suveranism, sÄƒ e luÄƒm È›arÄƒ Ã®napoi, patriotism, GLOBALISM, etc, etc. Azi din cauza propagandei cu Suveranism, GLOBALISM, patriotism, sÄƒ ne luÄƒm È›arÄƒ Ã®napoi, Venezuela este in FALIMENT TOTAL È™i nici Ã®n ziua de azi Venezuela nu È™i-a revenit din FALIMENT. RomÃ¢nia trebuie sÄƒ urmeze calea EuropeanÄƒ. Nu putem riscÄƒ ca Romania sa ajunga la fel ca Venezuela ideologia RuseascÄƒ.",0
949c6559-8929-4302-8759-f13930f1f3c7,7506921311780867351,,AsterixusObelixus,deja e prea tÃ¢rziu. Au fÄƒcut ce au vrut. È˜i Ã®ncÄƒ fac ce vor. DemocraÈ›ia Ã®n RomÃ¢nia e moartÄƒ,0
12a1d732-b35b-4fcd-a6e8-010128b34f2f,7506921311780867351,,C.Andrei,Pe scurt: produce ca sa ai ce sa cheltuieÈ™ti ğŸ˜‚ğŸ˜³,0
b2e7bedc-e2ce-4499-87d7-e5eba6c934ed,7506921311780867351,,MIÈšÄ‚,"nu mai este suveranÄƒ din zi7 Ã®n care a Ã®ntrat Ã®n UE È™i NATO ,",0
71ade34b-5196-41c6-8135-cf8403bfd7db,7506921311780867351,,Gabi Grama175,"Dintre toate È›Äƒrile din Europa, doar Ungaria este suveranÄƒ!",0
d779bd7f-1529-4275-a145-db65de22f928,7506921311780867351,,Dani84@,Nu mai suntem Stat Suveran din 1 Ianuarie 2007âœŒï¸âœŒï¸âœŒï¸,0
b2029302-07ef-4154-99ec-c9408f48a787,7506921311780867351,,Febksen,"Foarte bine spus. Eu cÃ¢nd am explicat acelaÈ™i lucru, au apÄƒrut Ã®njurÄƒturi, un È™ir interminabil. Iar tik tok admite acest gen de oameni care Ã®njurÄƒ. Oricum, am realizat cÄƒ RomÃ¢nia e o È›arÄƒ plinÄƒ de oameni inculÈ›i, uÈ™or de manipulat, labili, agresivi. Sincer ? meritÄƒm. AÈ™a votanÈ›i, AÈ™a aleÈ™i.",0
42340f4e-daa2-4ec1-b65d-4edc1f4de2a1,7506921311780867351,,Radu Constantin,RomÃ¢nia a murit odatÄƒ cu CeauÈ™escu.,0
1d96b7ba-ae71-452a-9acf-ed24cad217ef,7506921311780867351,,Grig theG,Frumos:),0
efa0781a-26e1-4190-bf5b-b690b542cb52,7506921311780867351,,Emilia,Euvroiam sÄƒ il repostez dar nu Ã®mi permite .,0
a20ddedf-443d-4756-83d4-628b6f0e10dd,7506921311780867351,,leon,asta este teorie pe care practica nu o mai confirma,0
3966d8f8-bade-4640-b612-d14bc1f90172,7506921311780867351,,Enciu Viorica,nu pot reposta,0
a047347b-9f85-495a-b003-be1d4bddc84c,7506921311780867351,,Liviu Griga,Se vÄƒd rezultatele democraÈ›iei au donat resursele È›Äƒrii strÄƒinilor sau bÄƒieÈ›ilor deÈ™tepÈ›i plus au distrus toatÄƒ industria din Romania!,0
16404fbe-f1d6-4ec2-bcf9-ad3da672ed97,7506921311780867351,,florentinviziru6,Pe 25 decembrie 1989 noi am renunÈ›at la suveranitate,0
0d81438b-8133-4162-ade3-919fc1e44225,7506921311780867351,,superhater,"à¤®à¥ˆà¤²à¥‡ à¤²à¥‡à¤–à¥‡à¤•à¥‹ à¤•à¥à¤°à¤¾ à¤¬à¥à¤à¥à¤¨ à¤¯à¥‹ à¤µà¤¾à¤•à¥à¤¯ à¤…à¤¨à¥à¤µà¤¾à¤¦ à¤—à¤°à¥à¤¨à¥à¤¹à¥‹à¤¸à¥ Un stat suveran ii trage la muie lui mucuÈ™or, marian enache si la tot ccr-ul ğŸ‘Œ à¤®à¥ˆà¤²à¥‡ à¤²à¥‡à¤–à¥‡à¤•à¥‹ à¤•à¥à¤°à¤¾ à¤¬à¥à¤à¥à¤¨ à¤¯à¥‹ à¤µà¤¾à¤•à¥à¤¯ à¤…à¤¨à¥à¤µà¤¾à¤¦ à¤—à¤°à¥à¤¨à¥à¤¹à¥‹à¤¸à¥",0
ba401b07-52c8-4f8e-a24f-1f3b45344768,7506921311780867351,,Auras 13,"AdevÄƒrat ,bine explicat ğŸ‘ğŸ‘ğŸ‘ğŸ‘ğŸ‘ğŸ‘ğŸ‘ğŸ‘ğŸ‘",0
2b521eca-e0b2-4a3c-8498-defbd86e3e03,7506921311780867351,,Simona1972,"Pai ,noi ne-am imprumutat ,dar in loc sa investim,in agricultura,in industrie,in educatie ,noi ne-am imprumutat pt a da pensii speciale,in salariile colosale a directorilor de companii de stat,in licitatii pt autostrazi unde sunt smecherii din guvern unde platim de 3 ori mai mult decat ar trebuii,in administrari proaste ale statului.Ca pt noi oamenii de rad ,banii nu au ajuns pt noi.",0
0b617aad-6528-4ed2-9ebc-38daf4b03708,7526257119482514690,,Miniuca_Mini,Sa ne bagam pwla in mustata ta de poponar,0
0455e1cc-4f88-4ca9-bbc9-922afcbe25d5,7526257119482514690,,floriandamian2643,BÄƒ eÈ™ti prost ? BÄƒ eÈ™ti nebun ? EÈ™ti o jigodie umanÄƒ trÄƒdÄƒtoare.,0
e007cb40-0c25-4b2b-8451-a9a6c431de15,7526257119482514690,,59,"Nici Ã®ntr un fel,suveranistii sunt oameni inteligenÈ›i È™i Ã®ncÄƒ ceva,nu È™i vÃ¢nd tara pe bani.",0
ed5c33da-5fce-4c8f-b1b3-6cec2c4563d2,7526257119482514690,,Andre001,ce spÄƒlat pe creier eÈ™ti... mi-e milÄƒ de cei ca tine,0
725befcd-4a34-4f31-8b91-41fbd385f166,7526257119482514690,,mirelaursu112,EÈ™ti penibil!,0
3ad16b35-1ae7-4915-ad21-988643a6257d,7526257119482514690,,.,"Nu vÄƒ faceÈ›i griji, oficialul american Emmanuel Macron a facut contestaÈ›ie la Curtea ConstituÈ›ionala GlobalÄƒ la Washington si ei au invalidat alegerile din RomÃ¢nia È™i au zis ca e frauda!!! George Simion se va Ã®ntoarce Ã®mpreunÄƒ cu È™eful CCB Johnny Sins Ã®n RomÃ¢nia sa aducÄƒ Turul 2 Inapoi iar Calin Georgescu va fi Ã®ncoronat â¤ï¸Apa hrana energie È™i industria calului Asa sa ne ajute Dumnezeu",0
8263b404-f14b-4bf4-8cb6-d099b61398ff,7526257119482514690,,nzğŸŒ•,"bla bla suntem vanduti, bla bla nu mai producem nimic, bla bla romania",0
f060ac1f-29de-4185-a217-f82f866739fe,7526257119482514690,,SoroÈ™,"ğŸ˜­ğŸ˜­ğŸ˜­ exact, nu stiu cine este domnu dar este cu dumnezeu si patriot, ma comvens votez maziv ğŸ¥°ğŸ¥°",0
2a87d407-d255-4706-9700-bf6ca8d1263b,7526257119482514690,,Gogu,"CÃ¢nd prostia refuzÄƒ adevÄƒrul, iar rÄƒutatea Ã®l refuzÄƒ, apar specimene de genul acesta. ğŸ™„ğŸ™„",0
18d09c35-8953-48f8-8631-e3a410be321e,7526257119482514690,,gogulezaziki,Scoate banana din gurÄƒ Ã®nainte de a vorbii,0
2fabe394-0208-4311-b162-787151af0190,7526257119482514690,,Andrei,"Poporul romÃ¢n nu e pierdut, doar rÄƒtÄƒcit printre E-uri È™i rate la frigider. A uitat gustul pÃ¢inii coapte Ã®n cuptor de lut È™i crede cÄƒ libertatea se gÄƒseÈ™te Ã®n reduceri de Black Friday. Ei ne vor slabi, bolnavi È™i dependenÈ›i de like-uri. Dar eu vÄƒ spun: ridicaÈ›i-vÄƒ, fraÈ›ilor, opriÈ›i scroll-ul È™i priviÈ›i soarele â€“ da, Äƒla adevÄƒrat, nu cel din filtrele cu â€˜golden hourâ€™. RomÃ¢nia n-a murit, doar a adormit cu televizorul deschis.",0
98dbeb69-7f76-4248-8052-ffb6e7b1f1d1,7526257119482514690,,ğŸ’€,ai zis ca rupi internetu cu clipu Äƒsta.. n are efectul dorit.. aÈ™a-i?,0
fcb52c35-bfa9-43ff-a1c2-9a591ea1609a,7526257119482514690,,mirceatimotei,M-ai convins. Votez masiv.,0
f53db235-fab6-4573-8ff9-a3ff9172b2e1,7526257119482514690,,Daianaâ™¥ï¸,"daca te asculta bÄƒrbatul meu te crede È™i te Ã®nÈ›elege 100% ba mai mult, te voteazÄƒ preÈ™edinte ğŸ˜‚ğŸ˜‚ğŸ˜‚ğŸ˜‚ğŸ˜‚",0
192e0c0e-9e19-4678-97d7-73e5b37b837b,7526257119482514690,,Deea,",,È˜i ce daca, votam masiv! "",""ne luam È›ara inapoi""ğŸ˜’",0
02f8a7c9-a486-448b-b6a7-7fb439a03f93,7526257119482514690,,Razvan GRIGORESCU,abbbh trezire abbbh conÈ™tiinÈ›a abbbh,0
3c71dba5-01c3-4e21-ad4a-1bff13bfdaeb,7526257119482514690,,PleiÄƒr,"cel mai coerent suveranist, votez masiv!",0
93387908-5776-4669-a70b-066dbd555257,7526257119482514690,,â‚´Ã˜É â‚µâ±¤Å‚â‚´â‚®Å‚,"RomÃ¢nii,prima specie de pe pÄƒmÃ¢nt,buricu buricelor , È›ara cea mai bogatÄƒ,zei È™i spiritualitate. De asta e ghenÄƒ È›ara asta dintotdeauna ğŸ˜‚",0
30a2860a-b8cc-459b-832a-688938509a56,7526257119482514690,,Miniuca_Mini,Sa ne bagam pwla in mustata ta de poponar,0
b7905734-2c1c-4589-936d-614189c55415,7526257119482514690,,floriandamian2643,BÄƒ eÈ™ti prost ? BÄƒ eÈ™ti nebun ? EÈ™ti o jigodie umanÄƒ trÄƒdÄƒtoare.,0
e07ce657-0fca-4cf0-b002-155016dc90e9,7526257119482514690,,59,"Nici Ã®ntr un fel,suveranistii sunt oameni inteligenÈ›i È™i Ã®ncÄƒ ceva,nu È™i vÃ¢nd tara pe bani.",0
785402e5-ded8-493a-a1b6-d663ea669850,7526257119482514690,,Andre001,ce spÄƒlat pe creier eÈ™ti... mi-e milÄƒ de cei ca tine,0
2518b933-5ccd-4373-aa53-b42d0105fae3,7526257119482514690,,mirelaursu112,EÈ™ti penibil!,0
ec8e41d5-8457-4075-9702-9e1227b568e0,7526257119482514690,,.,"Nu vÄƒ faceÈ›i griji, oficialul american Emmanuel Macron a facut contestaÈ›ie la Curtea ConstituÈ›ionala GlobalÄƒ la Washington si ei au invalidat alegerile din RomÃ¢nia È™i au zis ca e frauda!!! George Simion se va Ã®ntoarce Ã®mpreunÄƒ cu È™eful CCB Johnny Sins Ã®n RomÃ¢nia sa aducÄƒ Turul 2 Inapoi iar Calin Georgescu va fi Ã®ncoronat â¤ï¸Apa hrana energie È™i industria calului Asa sa ne ajute Dumnezeu",0
5650b7f0-9aea-465c-879a-488b9b9cb8d3,7526257119482514690,,nzğŸŒ•,"bla bla suntem vanduti, bla bla nu mai producem nimic, bla bla romania",0
e914214a-612b-4447-bb5b-3d9b9f1d85eb,7526257119482514690,,SoroÈ™,"ğŸ˜­ğŸ˜­ğŸ˜­ exact, nu stiu cine este domnu dar este cu dumnezeu si patriot, ma comvens votez maziv ğŸ¥°ğŸ¥°",0
dfa4ce7e-ed21-4f66-a972-56c541bdc17e,7526257119482514690,,Gogu,"CÃ¢nd prostia refuzÄƒ adevÄƒrul, iar rÄƒutatea Ã®l refuzÄƒ, apar specimene de genul acesta. ğŸ™„ğŸ™„",0
f7cd98be-58e0-4114-8abb-1631df022bc7,7526257119482514690,,gogulezaziki,Scoate banana din gurÄƒ Ã®nainte de a vorbii,0
457e5d26-6a12-4b28-98bb-4d84e0ddf524,7526257119482514690,,Andrei,"Poporul romÃ¢n nu e pierdut, doar rÄƒtÄƒcit printre E-uri È™i rate la frigider. A uitat gustul pÃ¢inii coapte Ã®n cuptor de lut È™i crede cÄƒ libertatea se gÄƒseÈ™te Ã®n reduceri de Black Friday. Ei ne vor slabi, bolnavi È™i dependenÈ›i de like-uri. Dar eu vÄƒ spun: ridicaÈ›i-vÄƒ, fraÈ›ilor, opriÈ›i scroll-ul È™i priviÈ›i soarele â€“ da, Äƒla adevÄƒrat, nu cel din filtrele cu â€˜golden hourâ€™. RomÃ¢nia n-a murit, doar a adormit cu televizorul deschis.",0
43aa0205-6310-45cf-8daf-af0009c77e7f,7526257119482514690,,ğŸ’€,ai zis ca rupi internetu cu clipu Äƒsta.. n are efectul dorit.. aÈ™a-i?,0
86dce8e5-d5c8-4232-863c-1fa0b2c22d32,7526257119482514690,,mirceatimotei,M-ai convins. Votez masiv.,0
b78de264-a7e6-46d4-ac77-a4b73beaf57f,7526257119482514690,,Daianaâ™¥ï¸,"daca te asculta bÄƒrbatul meu te crede È™i te Ã®nÈ›elege 100% ba mai mult, te voteazÄƒ preÈ™edinte ğŸ˜‚ğŸ˜‚ğŸ˜‚ğŸ˜‚ğŸ˜‚",0
dfce83fc-5bd9-4ec8-8809-f8d0b40f33cd,7526257119482514690,,Deea,",,È˜i ce daca, votam masiv! "",""ne luam È›ara inapoi""ğŸ˜’",0
2645c742-ec7d-4991-97b1-fbd411c72bd7,7526257119482514690,,Razvan GRIGORESCU,abbbh trezire abbbh conÈ™tiinÈ›a abbbh,0
30d696e5-64e4-46a8-9b9d-cfdcfb37d8d1,7526257119482514690,,PleiÄƒr,"cel mai coerent suveranist, votez masiv!",0
16e3f8d7-39a1-4a85-8968-61f0ee62bad9,7526257119482514690,,â‚´Ã˜É â‚µâ±¤Å‚â‚´â‚®Å‚,"RomÃ¢nii,prima specie de pe pÄƒmÃ¢nt,buricu buricelor , È›ara cea mai bogatÄƒ,zei È™i spiritualitate. De asta e ghenÄƒ È›ara asta dintotdeauna ğŸ˜‚",0
58fa779c-f811-4b29-ad61-b93c09973e47,7526257119482514690,,George,"O hahalerÄƒ, eÈ™ti fanul lui Becalli ! A uitat sÄƒ te plÄƒteascÄƒ È™i eÈ™ti mort de foame - sclavete !",0
81970d28-2e9e-4545-9916-dc67416511b3,7526257119482514690,,Carmennico76,"Am ramas impresionatÄƒ, bravo dom'leğŸ¤£",0
80a024fe-8353-457e-8f7f-e8d265511476,7526257119482514690,,virgilghete,DacÄƒ conduci vreun autoturism poÈ›i obÈ›ine tichet de parcare gratuit. La felul Ã®n care suferi Ã®l poÈ›i avea pe cel ce scrie permanent (fÄƒrÄƒ revizuire ) !,0
5230a0b4-eb81-4a9d-a892-5c0f8d578177,7526257119482514690,,NutriÈ›ionist-Excavatorist,Ãn Ã®ncheiere trebuia un â€œdespre asta e vorbaâ€ ğŸ˜‚ğŸ˜‚ğŸ˜‚,0
686497bf-8f5c-40e1-9183-b993d5ba7850,7526257119482514690,,nicolaeisai,"Bine formulat, fraze goale fÄƒrÄƒ conÈ›inut ğŸ¥°",0
c34a1610-ca06-4da1-ad3c-c743d7a55f76,7526257119482514690,,gabi,SunteÈ›i foarte Ã®nÈ›elept ğŸ¥°ğŸ¥°,0
a04243d1-4553-49d0-9f06-e3e4c00d63b8,7526257119482514690,,maik,vai de tine,0
aa5d6825-a679-437f-942a-733171ed047d,7526257119482514690,,De Vorba La Cafea ğŸ’ ,È˜i glia,0
1fa647e9-b8cc-4be0-8450-a7453f6c69fc,7526257119482514690,,Mihaela TÃ®rnovan,Orice postare are efect de oglindÄƒ!,0
478aa202-f143-4fcc-863a-5b031deea3a6,7526257119482514690,,Arenzo.Johnny.Official,M-ai facut sa zÃ¢mbesc ! ğŸ˜‚ğŸ˜‚ğŸ˜‚,0
afbec76d-940c-4103-a5b0-ecf247f30556,7526257119482514690,,Hash,SuveraniÈ™tii lui CG de se adunÄƒ fac 8 clase,0
bb0c6680-58c2-4f9a-8e3c-59be4e63a03b,7526257119482514690,,IonuÈ› È™i atÃ¢t.,Unde votez?,0
595fc00c-2a9e-4f09-8be9-492b1f9142a4,7526257119482514690,,zobar,ParcÄƒ Ã®l aud vorbind pe Georgescu,0
273ad00d-0fe5-413a-a3c2-a37a76b81670,7526257119482514690,,Marius,Ãmi aduci aminte de CÄƒlin Georgescu unde incerca sa manipuleze lumea,0
be8c16bc-cac3-4e64-8715-1bf170caa968,7526257119482514690,,123456,Exact!!! Bravo !!! Asa suna un discurs suveranistâ€¦. Fara nici o noima!!!,0
58519077-a059-4122-b1d1-d021c02d150c,7526257119482514690,,Valentin Stingaciu,Dumnezeu sÄƒ vÄƒ de-a sÄƒnÄƒtate ! vÄƒ votez cÄƒ preÈ™edinte!ğŸ¥°ğŸ’¯,0
d39985a8-3331-498c-aac0-ffbb211d2078,7526257119482514690,,ctin,M-ai trezit in constiinta!,0
096e016b-03de-4435-8863-5a008177a9e5,7526257119482514690,,Delia,Exact aÈ™a este. GenialÄƒ prezentarea. Dumnezeu.,0
e99220c3-4970-4563-bc6a-48e2644fa2f5,7526257119482514690,,Â¯\_(ãƒ„)_/Â¯,"Esti diÅŸtept rÄƒu de totğŸ‘ Un mare suveranist ÅŸi un patriot adevÄƒrat. Gata, te-am votat.",0
5894750c-988d-4238-bd72-7662da011929,7459408076639063318,,Petre Juravle,mars gunoiule,0
e57bce36-55ee-4dbf-a0bf-48e070356409,7459408076639063318,,Brunetul1983,Daca le ai zis sa deschida o carte deja ai terminat o cu ei.ğŸ¤£,0
da9514c6-e67b-4c81-bfde-bcc2ffc3eb20,7459408076639063318,,Valy Valentino,ce treaba are una cu alta,0
839f84dd-a3a5-49b1-b5aa-ae4fa60d8fa0,7459408076639063318,,dorubalan47,ğŸ‘ğŸ‘ğŸ‘ AdevÄƒrat ! Plus ca RomÃ¢nia nu a fost niciodatÄƒ suveranÄƒ ğŸ˜‚ğŸ˜‚ğŸ˜‚â€¦,0
0c697855-5677-445f-8327-1b3f53aa2292,7459408076639063318,,NssW,"Ultima oarÄƒ cÃ¢nd am fost suverani, fÄƒceam coadÄƒ la peco sÄƒ alimentÄƒm maÈ™inile cu raÈ›ia",0
d029c5df-0433-4936-b7ca-66a6cd014ccf,7459408076639063318,,Crisan Nicoleta,Corect È™i adevÄƒrat o spune istoria !!! Ä‚È™tia cred ca dacÄƒ vine Câ€¦c..lin le plÄƒteÈ™te datoriile la bÄƒnci pe care nu le-au plÄƒtit È™i mÄƒreÈ™te aj social ğŸ¤£ğŸ¤£ğŸ¤£ğŸ¤£,0
3a0120a9-1358-43b4-9ba3-830fde7df792,7459408076639063318,,Claudiu Alexandru655,FÄƒrÄƒ Rusia in veci.ğŸ¤¨,0
6849dda7-fe61-4d5b-84aa-b8e560ed4b46,7459408076639063318,,Florea elena teodora,Ai dreptate omule tinerii din ziua de azi nu au citit istoria se ia dupÄƒ Simion Sosoaca È™i Georgescu care sint Putinisti,0
1fb764ce-65ff-4401-9885-17e39e77b26b,7459408076639063318,,Calin Cristian,ai mare dreptate. dar cui sa explici?,0
f5119294-c468-4039-99db-0266c01116d5,7459408076639063318,,Mihai Vasile,"AdevÄƒrat, din pÄƒcate nu prea ai cui sa spui !",0
36857ff6-fc37-45c5-b6eb-2eedbfe4e0ee,7459408076639063318,,iulica 470,Georgescu presedinte,0
13f65f3c-9cbc-4dd6-a938-9ceebf55ec3c,7459408076639063318,,user1673128305653,"exact ce spui tu, o sÄƒ se bÄƒÈ™ice mulÈ›i aÈ™a-zisi ,suveraniÈ™ti,",0
e6850f1d-ac4b-48ca-b340-898b20c78ba2,7459408076639063318,,Eugen Trif,adevarat,0
2f7c5a23-b403-4096-8d40-74fdf52a5561,7459408076639063318,,Gabrielâœ…ï¸ğŸ’š,"ğŸ“…Pe 15 martie, la ora 17:00 in PiaÈ›a Victoriei EuRoManifest, ne strangem ca in 2018ğŸ’ªğŸ‡ªğŸ‡ºâ¤ï¸ğŸ‡¹ğŸ‡©",0
0dda7b2d-5edf-4594-a540-1c0890b3bee7,7459408076639063318,,Ioan Codreanu549,"Bravo DOMNULE Andrei ,FelicitÄƒri pentru AdevÄƒr !",0
70e24b6a-27fa-4c18-aee8-96de50f580a5,7459408076639063318,,oli,bravo domnule sunt È™i oameni care judecÄƒ ğŸ¥°ğŸ¥°ğŸ¥°,0
e827b970-b695-4f15-92e3-6e92b76cf6ab,7459408076639063318,,Artificii Profesionale P.Neamt,Bravooo Andrei ğŸ‘ğŸ’ªğŸ¤,0
68e8c7fb-803a-4cce-93b9-ff8cfaf1c419,7459408076639063318,,Newcool,Bravoooo! Exact aÈ™a. FelicitÄƒri!ğŸ¥°,0
ea2508e5-e7a8-457b-b85b-1a4e05cf89f4,7459408076639063318,,Petre Juravle,mars gunoiule,0
22ae055f-0a63-49db-8f55-04bddefed4e0,7459408076639063318,,Brunetul1983,Daca le ai zis sa deschida o carte deja ai terminat o cu ei.ğŸ¤£,0
5dce2da3-c062-4af4-a24b-e2deebe6e6c0,7459408076639063318,,Valy Valentino,ce treaba are una cu alta,0
908ff90d-a939-4338-8d7a-9b24e6caa509,7459408076639063318,,dorubalan47,ğŸ‘ğŸ‘ğŸ‘ AdevÄƒrat ! Plus ca RomÃ¢nia nu a fost niciodatÄƒ suveranÄƒ ğŸ˜‚ğŸ˜‚ğŸ˜‚â€¦,0
866c95d6-9bab-4243-95d3-f1357a3ad908,7459408076639063318,,NssW,"Ultima oarÄƒ cÃ¢nd am fost suverani, fÄƒceam coadÄƒ la peco sÄƒ alimentÄƒm maÈ™inile cu raÈ›ia",0
92daeb52-fcb6-49d2-8c4f-f0140a2ecc3d,7459408076639063318,,Crisan Nicoleta,Corect È™i adevÄƒrat o spune istoria !!! Ä‚È™tia cred ca dacÄƒ vine Câ€¦c..lin le plÄƒteÈ™te datoriile la bÄƒnci pe care nu le-au plÄƒtit È™i mÄƒreÈ™te aj social ğŸ¤£ğŸ¤£ğŸ¤£ğŸ¤£,0
a668d64a-aec6-40b6-8cc5-ca61a33bd16e,7459408076639063318,,Claudiu Alexandru655,FÄƒrÄƒ Rusia in veci.ğŸ¤¨,0
81c1d611-7276-4edd-b967-58cf4940571b,7459408076639063318,,Florea elena teodora,Ai dreptate omule tinerii din ziua de azi nu au citit istoria se ia dupÄƒ Simion Sosoaca È™i Georgescu care sint Putinisti,0
6ac27336-cf0c-436d-84ac-8594b7233a1a,7459408076639063318,,Calin Cristian,ai mare dreptate. dar cui sa explici?,0
9893029b-f180-4d44-93e7-ec4510b67f85,7459408076639063318,,Mihai Vasile,"AdevÄƒrat, din pÄƒcate nu prea ai cui sa spui !",0
b5cce48f-c156-48da-bf78-245a0e29a1b1,7459408076639063318,,iulica 470,Georgescu presedinte,0
6f5d9453-f039-4c06-a84e-133216428849,7459408076639063318,,user1673128305653,"exact ce spui tu, o sÄƒ se bÄƒÈ™ice mulÈ›i aÈ™a-zisi ,suveraniÈ™ti,",0
faf3d43a-4c6a-4a76-8f1a-a5a9ffa3ec00,7459408076639063318,,Eugen Trif,adevarat,0
e2fd4c6a-1539-4651-b278-302803b8d3cd,7459408076639063318,,Gabrielâœ…ï¸ğŸ’š,"ğŸ“…Pe 15 martie, la ora 17:00 in PiaÈ›a Victoriei EuRoManifest, ne strangem ca in 2018ğŸ’ªğŸ‡ªğŸ‡ºâ¤ï¸ğŸ‡¹ğŸ‡©",0
e8fb4122-e0ee-46e8-88c6-f0b0f29bf3ba,7459408076639063318,,Ioan Codreanu549,"Bravo DOMNULE Andrei ,FelicitÄƒri pentru AdevÄƒr !",0
875ee0e3-abfe-4574-ab07-36f8f8cbabc9,7459408076639063318,,oli,bravo domnule sunt È™i oameni care judecÄƒ ğŸ¥°ğŸ¥°ğŸ¥°,0
73c51f3a-3282-46f4-ae9f-7fcf862bec6a,7459408076639063318,,Artificii Profesionale P.Neamt,Bravooo Andrei ğŸ‘ğŸ’ªğŸ¤,0
ac5328d7-8759-4ce7-88a0-418dbf3e85a5,7459408076639063318,,Newcool,Bravoooo! Exact aÈ™a. FelicitÄƒri!ğŸ¥°,0
6d239019-8e61-42db-9cc2-a2d6ac9d8c9a,7459408076639063318,,Petre Juravle,mars gunoiule,0
47f56476-bfd0-45e6-a550-2ad34e3c5985,7459408076639063318,,Brunetul1983,Daca le ai zis sa deschida o carte deja ai terminat o cu ei.ğŸ¤£,0
c858e55c-4b1a-4a0a-8397-ced66c2a56a8,7459408076639063318,,Valy Valentino,ce treaba are una cu alta,0
35c3992e-9564-411b-a2ba-7c46cf07523d,7459408076639063318,,dorubalan47,ğŸ‘ğŸ‘ğŸ‘ AdevÄƒrat ! Plus ca RomÃ¢nia nu a fost niciodatÄƒ suveranÄƒ ğŸ˜‚ğŸ˜‚ğŸ˜‚â€¦,0
c7007ccc-fca8-446a-b8d5-d13a1be4c083,7459408076639063318,,NssW,"Ultima oarÄƒ cÃ¢nd am fost suverani, fÄƒceam coadÄƒ la peco sÄƒ alimentÄƒm maÈ™inile cu raÈ›ia",0
60db74e7-fd00-4269-a019-1731121d1cc0,7459408076639063318,,Crisan Nicoleta,Corect È™i adevÄƒrat o spune istoria !!! Ä‚È™tia cred ca dacÄƒ vine Câ€¦c..lin le plÄƒteÈ™te datoriile la bÄƒnci pe care nu le-au plÄƒtit È™i mÄƒreÈ™te aj social ğŸ¤£ğŸ¤£ğŸ¤£ğŸ¤£,0
97a673e2-7eaa-497b-9c3d-e743a8e4252a,7459408076639063318,,Claudiu Alexandru655,FÄƒrÄƒ Rusia in veci.ğŸ¤¨,0
22915851-b008-4a62-a096-b7648667d73b,7459408076639063318,,Florea elena teodora,Ai dreptate omule tinerii din ziua de azi nu au citit istoria se ia dupÄƒ Simion Sosoaca È™i Georgescu care sint Putinisti,0
f14ee048-252d-4e03-9b80-70a78f114c05,7459408076639063318,,Calin Cristian,ai mare dreptate. dar cui sa explici?,0
1cad45cf-2f3e-4a61-999c-564877704873,7459408076639063318,,Mihai Vasile,"AdevÄƒrat, din pÄƒcate nu prea ai cui sa spui !",0
c8263807-e87d-4092-9090-5c623e1a3874,7459408076639063318,,iulica 470,Georgescu presedinte,0
2ec0315a-03dd-4439-86f2-72697f9ba0f6,7459408076639063318,,user1673128305653,"exact ce spui tu, o sÄƒ se bÄƒÈ™ice mulÈ›i aÈ™a-zisi ,suveraniÈ™ti,",0
7077d4b5-262c-4424-aa79-262c8256c157,7459408076639063318,,Eugen Trif,adevarat,0
167f688d-adc9-4219-9b51-4d3f84ef3144,7459408076639063318,,Gabrielâœ…ï¸ğŸ’š,"ğŸ“…Pe 15 martie, la ora 17:00 in PiaÈ›a Victoriei EuRoManifest, ne strangem ca in 2018ğŸ’ªğŸ‡ªğŸ‡ºâ¤ï¸ğŸ‡¹ğŸ‡©",0
ffd94978-b89b-4507-aee0-3179506dca7a,7459408076639063318,,Ioan Codreanu549,"Bravo DOMNULE Andrei ,FelicitÄƒri pentru AdevÄƒr !",0
483462e6-567c-4d4d-b995-c535a0822979,7459408076639063318,,oli,bravo domnule sunt È™i oameni care judecÄƒ ğŸ¥°ğŸ¥°ğŸ¥°,0
092430dc-06c6-474f-b2eb-8c5975ce4cf3,7459408076639063318,,Artificii Profesionale P.Neamt,Bravooo Andrei ğŸ‘ğŸ’ªğŸ¤,0
fed33b20-2e64-4098-919b-732888e1debb,7459408076639063318,,Newcool,Bravoooo! Exact aÈ™a. FelicitÄƒri!ğŸ¥°,0
20169682-23f7-4d53-8033-03607c48cab6,7527537668603825430,,PuÈ™tiul Vanga,Al nostru cu mÃ¢ndrie...prim,0
872f2a1e-dbae-48ae-8900-5344d7bc2e37,7527537668603825430,,MarianaS,Iauzi ce frumos ce conducÄƒtori avem,0
37371904-e6dc-4007-bbda-08635a9b7e6a,7527537668603825430,,Neculai Spanu,iauzi ce e aici,0
76d1cef0-dbaf-45a3-b2fe-9469a8da67e4,7527537668603825430,,Neculai Spanu,dacÄƒ nu se lasÄƒ cu revoluÈ›ie putem pleca din È›arÄƒ trebuie facut cea fÄƒcut cosma,0
c3e4398c-1d71-47f3-911d-10f29c6be002,7527537668603825430,,Jimi Covaci,ğŸ¥ºğŸ¥ºğŸ¥ºğŸ¥ºğŸ¥ºğŸ¥º,0
db7160a4-f2f3-4434-89ba-48a10dbec110,7527537668603825430,,ionela,ğŸ˜³ğŸ˜³ğŸ˜³ğŸ˜³ğŸ˜³ğŸ˜³ğŸ˜³ğŸ˜³ğŸ˜³ğŸ˜³,0
4d3d696b-c564-4cb9-b70d-e5b63bbd4684,7527537668603825430,,Paula Pop469,ğŸ˜­ğŸ˜­ğŸ˜­,0
60721e6a-fdaa-42d8-956a-2ff577cc7d75,7527537668603825430,,Loredana,ğŸ˜³ğŸ˜³ğŸ˜³ğŸ™ğŸ™ğŸ™,0
d90ed1be-2696-4a6a-b95b-c08d84467c81,7527537668603825430,,user2733536638746,ğŸ˜³ğŸ˜³ğŸ˜³,0
dfdc225c-74e3-4aa7-a1fd-3c16edb02453,7527537668603825430,,hartonmihaita,ğŸ˜¡ğŸ˜¡ğŸ˜¡,0
34985ac4-6d3a-4095-aa15-00ca9b4ae62e,7527537668603825430,,user161856246384,ğŸ˜¢ğŸ˜¢ğŸ˜¢ğŸ˜¢ğŸ˜¢ğŸ˜¢,0
5eab3f23-4e62-4cfd-9af8-07c6c055744d,7527537668603825430,,patriot_inflacarat,mafioÈ›ii nenorociÈ›i iar patrioÈ›ii sunt hÄƒituiÈ›i de sistemul corupt,0
941d3a85-19f5-46e4-8526-2f5fffabec66,7527537668603825430,,doinitacanilopol,mafioti. oameni. buni sa. conduca. romnia. noastra doamne. fereste,0
f7fe58f7-c115-48c3-87bb-10618fd8149f,7527537668603825430,,Gabriela Poghirca,"Ce rubedenii de soi are Bolo,bravoo deci mama hoÈ›ilor Ã®n fruntea tarii,mucusorii nu va sesizaÈ›i?",0
cc9c08c1-e9dc-4f3b-9696-d2d261294d24,7527537668603825430,,Catalin Iulian Costache,ğŸ˜¡ğŸ˜¡ğŸ˜¡ğŸ˜¡ğŸ˜¡ğŸ˜¡,0
9368d866-7fa1-4735-878c-42b1ac3ffd1a,7527537668603825430,,TRACUL77,ğŸ˜¡ğŸ˜¡ğŸ˜¡,0
f414d38d-ae9b-43e8-a310-a326d219644a,7527537668603825430,,dumitra,pai dupÄƒ privirea lui nea IliuÈ›Äƒ sprancenatul arata ca este un infractor de mare risc,0
ee0ebd2f-4f52-4878-9743-f5aa46f10219,7527537668603825430,,Sanda Moldovan Talos,ğŸ˜¡ğŸ˜¡ğŸ˜¡ğŸ˜¡ğŸ˜¡ğŸ˜¡ğŸ˜¡ğŸ˜¡ğŸ˜¡,0
43d9e990-8e5a-4957-9046-4ea37250a0b1,7527537668603825430,,Elena Arsenie,"primministru de ğŸ’©ğŸ’©ğŸ’©ğŸ’©ğŸ’©ğŸ’©ğŸ’©hot de prima clasa si ultra mafiot de carttele de droguri,romani trezitiva",0
7b3adb4c-ec84-4902-8d1b-3b2400687357,7527537668603825430,,PuÈ™tiul Vanga,Al nostru cu mÃ¢ndrie...prim,0
81bd0e63-7f9d-4d31-8baf-d58fe4ff749a,7527537668603825430,,MarianaS,Iauzi ce frumos ce conducÄƒtori avem,0
5cb375a2-513a-42de-a87d-623aa8916903,7527537668603825430,,Neculai Spanu,iauzi ce e aici,0
a4d1e2b0-b617-45a7-8cd6-9ddfe97749de,7527537668603825430,,Neculai Spanu,dacÄƒ nu se lasÄƒ cu revoluÈ›ie putem pleca din È›arÄƒ trebuie facut cea fÄƒcut cosma,0
49cafab3-19e5-43c4-9180-29576bd9da2b,7527537668603825430,,Jimi Covaci,ğŸ¥ºğŸ¥ºğŸ¥ºğŸ¥ºğŸ¥ºğŸ¥º,0
c2618ae3-2aaf-4126-9246-23acd666daa4,7527537668603825430,,ionela,ğŸ˜³ğŸ˜³ğŸ˜³ğŸ˜³ğŸ˜³ğŸ˜³ğŸ˜³ğŸ˜³ğŸ˜³ğŸ˜³,0
9ef290ca-dca7-4c3e-8a8c-9174becb5e6e,7527537668603825430,,Paula Pop469,ğŸ˜­ğŸ˜­ğŸ˜­,0
4d06ea41-2003-4523-9583-de48fd92aa0c,7527537668603825430,,Loredana,ğŸ˜³ğŸ˜³ğŸ˜³ğŸ™ğŸ™ğŸ™,0
8f27bc60-b20a-4237-950c-4a8901ef72f2,7527537668603825430,,user2733536638746,ğŸ˜³ğŸ˜³ğŸ˜³,0
3d73f139-2e00-4ed6-b21d-06c25869c1fc,7527537668603825430,,hartonmihaita,ğŸ˜¡ğŸ˜¡ğŸ˜¡,0
d3ef2827-19bf-49b9-b6b7-8f8c42d86b15,7527537668603825430,,user161856246384,ğŸ˜¢ğŸ˜¢ğŸ˜¢ğŸ˜¢ğŸ˜¢ğŸ˜¢,0
3c9dbfeb-3e0f-4513-80a7-46fccf1761e3,7527537668603825430,,patriot_inflacarat,mafioÈ›ii nenorociÈ›i iar patrioÈ›ii sunt hÄƒituiÈ›i de sistemul corupt,0
54a1a4e3-1312-4c43-b282-980df0c99a70,7527537668603825430,,doinitacanilopol,mafioti. oameni. buni sa. conduca. romnia. noastra doamne. fereste,0
2c8ab50c-3443-4017-932d-7ff6bedc2c47,7527537668603825430,,Gabriela Poghirca,"Ce rubedenii de soi are Bolo,bravoo deci mama hoÈ›ilor Ã®n fruntea tarii,mucusorii nu va sesizaÈ›i?",0
ebc401b7-e217-4fc3-9991-5abba079004a,7527537668603825430,,Catalin Iulian Costache,ğŸ˜¡ğŸ˜¡ğŸ˜¡ğŸ˜¡ğŸ˜¡ğŸ˜¡,0
c825fc6d-3a94-4c93-a258-a4c6704c10d9,7527537668603825430,,TRACUL77,ğŸ˜¡ğŸ˜¡ğŸ˜¡,0
210cd652-1948-44a3-903b-104407c52f40,7527537668603825430,,dumitra,pai dupÄƒ privirea lui nea IliuÈ›Äƒ sprancenatul arata ca este un infractor de mare risc,0
ded996c6-cfdd-43b8-ae74-55ab1e131242,7527537668603825430,,Sanda Moldovan Talos,ğŸ˜¡ğŸ˜¡ğŸ˜¡ğŸ˜¡ğŸ˜¡ğŸ˜¡ğŸ˜¡ğŸ˜¡ğŸ˜¡,0
a883b77a-02b3-4ec5-981e-9c577e6c6a4f,7527537668603825430,,Elena Arsenie,"primministru de ğŸ’©ğŸ’©ğŸ’©ğŸ’©ğŸ’©ğŸ’©ğŸ’©hot de prima clasa si ultra mafiot de carttele de droguri,romani trezitiva",0
d6a45b9e-8677-4ccb-a66c-6b971540fadd,7527537668603825430,,PuÈ™tiul Vanga,Al nostru cu mÃ¢ndrie...prim,0
fc12aa9b-5d5d-4ef1-9bc2-0332c93536dc,7527537668603825430,,MarianaS,Iauzi ce frumos ce conducÄƒtori avem,0
dfdf0027-15e9-4c57-b161-581f589fa7a8,7527537668603825430,,Neculai Spanu,iauzi ce e aici,0
7f19f0b3-ea38-462d-8860-0daa32c5cffc,7527537668603825430,,Neculai Spanu,dacÄƒ nu se lasÄƒ cu revoluÈ›ie putem pleca din È›arÄƒ trebuie facut cea fÄƒcut cosma,0
257894fc-3c2d-46c8-a8bb-feb76078c0e9,7527537668603825430,,Jimi Covaci,ğŸ¥ºğŸ¥ºğŸ¥ºğŸ¥ºğŸ¥ºğŸ¥º,0
6900dd31-4d5c-44ba-aaf7-c545a5b0c813,7527537668603825430,,ionela,ğŸ˜³ğŸ˜³ğŸ˜³ğŸ˜³ğŸ˜³ğŸ˜³ğŸ˜³ğŸ˜³ğŸ˜³ğŸ˜³,0
a4745616-6995-473e-bd80-bb0977f9cf97,7527537668603825430,,Paula Pop469,ğŸ˜­ğŸ˜­ğŸ˜­,0
e3948880-9398-4ff8-8ca2-9baf57649263,7527537668603825430,,Loredana,ğŸ˜³ğŸ˜³ğŸ˜³ğŸ™ğŸ™ğŸ™,0
7ef4460d-2ac4-44c1-92b6-11508268027b,7527537668603825430,,user2733536638746,ğŸ˜³ğŸ˜³ğŸ˜³,0
9872512b-36fc-4606-a6c2-dcee8ccabd1e,7527537668603825430,,hartonmihaita,ğŸ˜¡ğŸ˜¡ğŸ˜¡,0
9acd9338-99e2-445b-82aa-cfde609f7925,7527537668603825430,,user161856246384,ğŸ˜¢ğŸ˜¢ğŸ˜¢ğŸ˜¢ğŸ˜¢ğŸ˜¢,0
7c2f030c-0448-47e2-911b-c98179f3f632,7527537668603825430,,patriot_inflacarat,mafioÈ›ii nenorociÈ›i iar patrioÈ›ii sunt hÄƒituiÈ›i de sistemul corupt,0
7a72ae8b-3708-47e0-a676-25c5c65f55a3,7527537668603825430,,doinitacanilopol,mafioti. oameni. buni sa. conduca. romnia. noastra doamne. fereste,0
444d1527-ecf6-4d4c-9ee4-c931c87a3d61,7527537668603825430,,Gabriela Poghirca,"Ce rubedenii de soi are Bolo,bravoo deci mama hoÈ›ilor Ã®n fruntea tarii,mucusorii nu va sesizaÈ›i?",0
dac4b5f3-04b1-4244-a900-c03730fe0d5f,7527537668603825430,,Catalin Iulian Costache,ğŸ˜¡ğŸ˜¡ğŸ˜¡ğŸ˜¡ğŸ˜¡ğŸ˜¡,0
12c58d97-453c-4304-b434-cee39937138b,7527537668603825430,,TRACUL77,ğŸ˜¡ğŸ˜¡ğŸ˜¡,0
f478ee35-5831-480b-8e53-dff9382eca66,7527537668603825430,,dumitra,pai dupÄƒ privirea lui nea IliuÈ›Äƒ sprancenatul arata ca este un infractor de mare risc,0
37095eb9-300b-4c9f-91cd-d1d0ead16302,7527537668603825430,,Sanda Moldovan Talos,ğŸ˜¡ğŸ˜¡ğŸ˜¡ğŸ˜¡ğŸ˜¡ğŸ˜¡ğŸ˜¡ğŸ˜¡ğŸ˜¡,0
5a0e4d79-e4e0-4aaf-b00f-6049122c0b21,7527537668603825430,,Elena Arsenie,"primministru de ğŸ’©ğŸ’©ğŸ’©ğŸ’©ğŸ’©ğŸ’©ğŸ’©hot de prima clasa si ultra mafiot de carttele de droguri,romani trezitiva",0
c7b1b883-88dc-475e-a83c-5f7dc39201da,7522887320421305622,,Ciprian Dan Cimpoies,"esti mai prost decat arati,defeaba porti ochelari",0
f1a1d491-cbc6-424b-bb52-052abdc54534,7522887320421305622,,Ticu Despina,doamne ajutağŸ™,0
9d998cb5-3057-4eac-b088-5d5c75455827,7522887320421305622,,cameliabarascu5,Taj Mahal a fost genial ğŸ˜‚ğŸ˜‚,0
06cda24d-74fb-42e7-aa7d-65e0ec878135,7522887320421305622,,dorinacazacu3,"TAJ MAHAL NU ESTE UN CASTEL SAU AÈ˜A CEVA,ÃN INDIA? EU AÈ˜A È˜TIU,TU CE FACI DUCI ÃN EROARE ROMÃ‚NI? SÄ‚-ÈšI FIE RUÈ˜INE!",0
dff91e55-6573-4acf-858b-13938e8a8e63,7522887320421305622,,Iren Gedo,Taj Mahal ???? Echipa ginecologica??? ğŸ˜‚ğŸ˜‚ğŸ˜‚ğŸ˜‚ mai grav este ca lumea pune botul la pamflet ğŸ™ˆğŸ™ˆğŸ™ˆğŸ™ˆ,0
54e75f0f-6e04-48ef-86a7-a9cb11fc9f57,7522887320421305622,,ioanamasalagiu70,ğŸ¤£ğŸ¤£ğŸ¤£ ce prostii vb ba nene acolo ???Taj mahal ..echipa specializatÄƒ Ã®n obstetricÄƒ????eÈ™ti cu capul,0
474fca69-43c9-4913-8fa2-50ceda3dcce9,7522887320421305622,,Titi Daniel,ğŸ‘ğŸ‘ğŸ‘ğŸ˜‚ğŸ˜‚ğŸ˜‚ğŸ˜‚ğŸ˜‚ğŸ˜‚ğŸ˜‚ğŸ˜‚ğŸ˜‚ğŸ˜‚ğŸ˜‚ğŸ˜‚ğŸ˜‚ taci ca te cred ÄƒÈ™tia la cÃ®t sunt de proÈ™ti,0
dffd56fb-65a9-4f0d-b67d-1e8a7f0c98b4,7522887320421305622,,IonPopescuCarpati,bravo.reusit pamflet.sa ne traiesti,0
83e91639-78f6-4385-a5d0-d1e7bba34e42,7522887320421305622,,Elena Mihai,Doamne ajuta Calin Georgescu presedintele Romaniei!,0
e92f5204-6254-4783-956b-6e2f33b8fd5d,7522887320421305622,,Aneta Jataru,Bravo Dumnezeu are ultimul cuvÃ¢nt.,0
1980ad24-7e79-43fe-91ad-f9c35af66ee7,7522887320421305622,,sorinavram741,La soare mÄƒ pot uita da la atÃ®ta prostie ba.,0
73da2e46-b3d0-49d9-8dbe-ffe67dc4ee8b,7522887320421305622,,giorginagiorgia21,de unde le scoti si tu ?ai visat azi noapte ?,0
a8884d8a-1625-47d2-a7e5-a01f1437d946,7522887320421305622,,Marina,Cum Ã®l cheamÄƒ ? Taj Mahal ? AdicÄƒ trimite templul indian Ã®n RomÃ¢nia ?,0
bfc37e85-d517-4fa5-bcde-64063189b2e6,7522887320421305622,,geodedu38,"Ce tot indrugi acolo Taj Mahal e un monument,o construcÈ›ie istorica,un simbol Ã®n India,eÈ™ti dus rÄƒu. Din cauza celor ca tine circulÄƒ grÄƒmezi de informaÈ›ii false. Trebuie sa fii blocat imediat È™i oprit totodatÄƒ",0
fdd838d5-0897-4570-9808-848771563521,7522887320421305622,,luna nuova 77,Taj Mahal este una din cele 7 minuni al lumii,0
fac65e46-be81-4485-bbdf-0a41458a9fe3,7522887320421305622,,Veronica Neumann385,Dumnezeu sa ne ajute sÄƒ nu pÄƒÈ›eascÄƒ nimic CÄƒlin Georgescu.,0
515c62b3-afb6-4c47-83d4-42ebaf0ba96b,7522887320421305622,,Ciprian Dan Cimpoies,"esti mai prost decat arati,defeaba porti ochelari",0
93764bf0-c081-4da5-9dbd-feeef469c68d,7522887320421305622,,Ticu Despina,doamne ajutağŸ™,0
28b80aa4-be87-4e41-b24b-dea58c53b79b,7522887320421305622,,cameliabarascu5,Taj Mahal a fost genial ğŸ˜‚ğŸ˜‚,0
69cccd7f-f068-4168-8ef2-eb1e2cc1b597,7522887320421305622,,dorinacazacu3,"TAJ MAHAL NU ESTE UN CASTEL SAU AÈ˜A CEVA,ÃN INDIA? EU AÈ˜A È˜TIU,TU CE FACI DUCI ÃN EROARE ROMÃ‚NI? SÄ‚-ÈšI FIE RUÈ˜INE!",0
03a0b7e2-3f9f-4872-bd7c-991cc2d78094,7522887320421305622,,Iren Gedo,Taj Mahal ???? Echipa ginecologica??? ğŸ˜‚ğŸ˜‚ğŸ˜‚ğŸ˜‚ mai grav este ca lumea pune botul la pamflet ğŸ™ˆğŸ™ˆğŸ™ˆğŸ™ˆ,0
fab21085-24f2-424e-928e-ea6c6514a631,7522887320421305622,,ioanamasalagiu70,ğŸ¤£ğŸ¤£ğŸ¤£ ce prostii vb ba nene acolo ???Taj mahal ..echipa specializatÄƒ Ã®n obstetricÄƒ????eÈ™ti cu capul,0
741162ee-d339-46f4-af8a-b8db2a660c39,7522887320421305622,,Titi Daniel,ğŸ‘ğŸ‘ğŸ‘ğŸ˜‚ğŸ˜‚ğŸ˜‚ğŸ˜‚ğŸ˜‚ğŸ˜‚ğŸ˜‚ğŸ˜‚ğŸ˜‚ğŸ˜‚ğŸ˜‚ğŸ˜‚ğŸ˜‚ taci ca te cred ÄƒÈ™tia la cÃ®t sunt de proÈ™ti,0
e828724d-90ec-4526-9458-59c925f66f9e,7522887320421305622,,IonPopescuCarpati,bravo.reusit pamflet.sa ne traiesti,0
beeddfdb-def3-4496-8a25-24373afcd3b2,7522887320421305622,,Elena Mihai,Doamne ajuta Calin Georgescu presedintele Romaniei!,0
bd1e36b1-bedf-427a-8cd9-fa77913a9493,7522887320421305622,,Aneta Jataru,Bravo Dumnezeu are ultimul cuvÃ¢nt.,0
d8ced379-cf82-44b3-9029-437bec3662d8,7522887320421305622,,sorinavram741,La soare mÄƒ pot uita da la atÃ®ta prostie ba.,0
334b6e77-c1a1-407c-bfa2-8efd5ae4d37f,7522887320421305622,,giorginagiorgia21,de unde le scoti si tu ?ai visat azi noapte ?,0
63378a04-38cd-414f-88a5-df0a4fccb091,7522887320421305622,,Marina,Cum Ã®l cheamÄƒ ? Taj Mahal ? AdicÄƒ trimite templul indian Ã®n RomÃ¢nia ?,0
922e148f-4262-4662-8100-16b566b66926,7522887320421305622,,geodedu38,"Ce tot indrugi acolo Taj Mahal e un monument,o construcÈ›ie istorica,un simbol Ã®n India,eÈ™ti dus rÄƒu. Din cauza celor ca tine circulÄƒ grÄƒmezi de informaÈ›ii false. Trebuie sa fii blocat imediat È™i oprit totodatÄƒ",0
26913d65-45e4-40d6-9886-4d91530c48b9,7522887320421305622,,luna nuova 77,Taj Mahal este una din cele 7 minuni al lumii,0
2cad371f-662b-4448-82ad-c92bb1faa336,7522887320421305622,,Veronica Neumann385,Dumnezeu sa ne ajute sÄƒ nu pÄƒÈ›eascÄƒ nimic CÄƒlin Georgescu.,0
ba1b282f-9abc-4c7d-a627-f7d592fe499b,7522887320421305622,,Ciprian Dan Cimpoies,"esti mai prost decat arati,defeaba porti ochelari",0
4b22fb5f-2ef7-4b9c-badc-5f93022c8e95,7522887320421305622,,Ticu Despina,doamne ajutağŸ™,0
0b3bda9d-e63e-4fe7-a38b-61e97f785786,7522887320421305622,,cameliabarascu5,Taj Mahal a fost genial ğŸ˜‚ğŸ˜‚,0
dc81e565-a9a8-4805-aa9a-c74cadabfe81,7522887320421305622,,dorinacazacu3,"TAJ MAHAL NU ESTE UN CASTEL SAU AÈ˜A CEVA,ÃN INDIA? EU AÈ˜A È˜TIU,TU CE FACI DUCI ÃN EROARE ROMÃ‚NI? SÄ‚-ÈšI FIE RUÈ˜INE!",0
17ef304b-cc59-45a2-b924-727b89ae5f1f,7522887320421305622,,Iren Gedo,Taj Mahal ???? Echipa ginecologica??? ğŸ˜‚ğŸ˜‚ğŸ˜‚ğŸ˜‚ mai grav este ca lumea pune botul la pamflet ğŸ™ˆğŸ™ˆğŸ™ˆğŸ™ˆ,0
b475597a-4904-4b45-8d9e-434efe074455,7522887320421305622,,ioanamasalagiu70,ğŸ¤£ğŸ¤£ğŸ¤£ ce prostii vb ba nene acolo ???Taj mahal ..echipa specializatÄƒ Ã®n obstetricÄƒ????eÈ™ti cu capul,0
9c223f8a-90c7-4039-80f4-6ab0e72abad7,7522887320421305622,,Titi Daniel,ğŸ‘ğŸ‘ğŸ‘ğŸ˜‚ğŸ˜‚ğŸ˜‚ğŸ˜‚ğŸ˜‚ğŸ˜‚ğŸ˜‚ğŸ˜‚ğŸ˜‚ğŸ˜‚ğŸ˜‚ğŸ˜‚ğŸ˜‚ taci ca te cred ÄƒÈ™tia la cÃ®t sunt de proÈ™ti,0
7a5b9ab5-44a3-4930-a054-dc0cfa7161c3,7522887320421305622,,IonPopescuCarpati,bravo.reusit pamflet.sa ne traiesti,0
4c65592b-ead5-4186-9acd-24f6cefa4ef7,7522887320421305622,,Elena Mihai,Doamne ajuta Calin Georgescu presedintele Romaniei!,0
c02bef4f-9ef2-4ca0-b37b-d0ca444971b9,7522887320421305622,,Aneta Jataru,Bravo Dumnezeu are ultimul cuvÃ¢nt.,0
aad68df3-72d7-42b9-9ce4-9ae56ee8082e,7522887320421305622,,sorinavram741,La soare mÄƒ pot uita da la atÃ®ta prostie ba.,0
06ab093f-b2b5-412b-863b-e5e85df94293,7522887320421305622,,giorginagiorgia21,de unde le scoti si tu ?ai visat azi noapte ?,0
db3722ea-6fc1-45e8-9401-dcfb7b7a20b7,7522887320421305622,,Marina,Cum Ã®l cheamÄƒ ? Taj Mahal ? AdicÄƒ trimite templul indian Ã®n RomÃ¢nia ?,0
872ec0dd-5675-4b6d-9bf8-1cea025a7141,7522887320421305622,,geodedu38,"Ce tot indrugi acolo Taj Mahal e un monument,o construcÈ›ie istorica,un simbol Ã®n India,eÈ™ti dus rÄƒu. Din cauza celor ca tine circulÄƒ grÄƒmezi de informaÈ›ii false. Trebuie sa fii blocat imediat È™i oprit totodatÄƒ",0
04a4087d-08a3-43e0-89cf-496057ee48e1,7522887320421305622,,luna nuova 77,Taj Mahal este una din cele 7 minuni al lumii,0
2136ae0a-2d2d-4bbb-b178-98490adce850,7522887320421305622,,Veronica Neumann385,Dumnezeu sa ne ajute sÄƒ nu pÄƒÈ›eascÄƒ nimic CÄƒlin Georgescu.,0
14f5adbc-39dd-4f83-a2fc-49bd67c16aa3,7522887320421305622,,Ciprian Dan Cimpoies,"esti mai prost decat arati,defeaba porti ochelari",0
67148ed4-8e8e-4972-ba13-7e6c88fbb969,7522887320421305622,,Ticu Despina,doamne ajutağŸ™,0
dd436614-3139-48e9-a3a1-498a23a39d12,7522887320421305622,,cameliabarascu5,Taj Mahal a fost genial ğŸ˜‚ğŸ˜‚,0
3ffa7804-5aa5-4972-b403-d6ae0a43625d,7522887320421305622,,dorinacazacu3,"TAJ MAHAL NU ESTE UN CASTEL SAU AÈ˜A CEVA,ÃN INDIA? EU AÈ˜A È˜TIU,TU CE FACI DUCI ÃN EROARE ROMÃ‚NI? SÄ‚-ÈšI FIE RUÈ˜INE!",0
fb12e383-5a7a-4128-ba41-6cf467301751,7522887320421305622,,Iren Gedo,Taj Mahal ???? Echipa ginecologica??? ğŸ˜‚ğŸ˜‚ğŸ˜‚ğŸ˜‚ mai grav este ca lumea pune botul la pamflet ğŸ™ˆğŸ™ˆğŸ™ˆğŸ™ˆ,0
fb0a639b-99ff-429a-bce9-7e696f247d33,7522887320421305622,,ioanamasalagiu70,ğŸ¤£ğŸ¤£ğŸ¤£ ce prostii vb ba nene acolo ???Taj mahal ..echipa specializatÄƒ Ã®n obstetricÄƒ????eÈ™ti cu capul,0
d7d747c2-c7f8-435f-9e48-6f8e514e0122,7522887320421305622,,Titi Daniel,ğŸ‘ğŸ‘ğŸ‘ğŸ˜‚ğŸ˜‚ğŸ˜‚ğŸ˜‚ğŸ˜‚ğŸ˜‚ğŸ˜‚ğŸ˜‚ğŸ˜‚ğŸ˜‚ğŸ˜‚ğŸ˜‚ğŸ˜‚ taci ca te cred ÄƒÈ™tia la cÃ®t sunt de proÈ™ti,0
a07598f8-2716-475f-92ad-721f06bdbd31,7522887320421305622,,IonPopescuCarpati,bravo.reusit pamflet.sa ne traiesti,0
bf8ace79-8c10-4e18-b9ce-57e9c80668f6,7522887320421305622,,Elena Mihai,Doamne ajuta Calin Georgescu presedintele Romaniei!,0
dfb0970e-236a-40a2-af0e-8fbc46881f76,7522887320421305622,,Aneta Jataru,Bravo Dumnezeu are ultimul cuvÃ¢nt.,0
b4f80f00-9497-4998-90fe-b3b37f044bb7,7522887320421305622,,sorinavram741,La soare mÄƒ pot uita da la atÃ®ta prostie ba.,0
b7e84475-4e4a-4d05-862e-b00e0bbd9c43,7522887320421305622,,giorginagiorgia21,de unde le scoti si tu ?ai visat azi noapte ?,0
e0248a3f-bb4e-49ee-a88e-a42b28fc051a,7522887320421305622,,Marina,Cum Ã®l cheamÄƒ ? Taj Mahal ? AdicÄƒ trimite templul indian Ã®n RomÃ¢nia ?,0
dfc8a076-e1b7-47d8-be8c-aa1d0745d499,7522887320421305622,,geodedu38,"Ce tot indrugi acolo Taj Mahal e un monument,o construcÈ›ie istorica,un simbol Ã®n India,eÈ™ti dus rÄƒu. Din cauza celor ca tine circulÄƒ grÄƒmezi de informaÈ›ii false. Trebuie sa fii blocat imediat È™i oprit totodatÄƒ",0
13fd610b-be33-4165-9bd5-5e4207f01a24,7522887320421305622,,luna nuova 77,Taj Mahal este una din cele 7 minuni al lumii,0
c8a25ca3-91d5-4ee8-b784-b75fdb51e77e,7522887320421305622,,Veronica Neumann385,Dumnezeu sa ne ajute sÄƒ nu pÄƒÈ›eascÄƒ nimic CÄƒlin Georgescu.,0
02e6f515-11aa-4e8a-8cca-9171d0a6888a,7527601571677441302,,marioararotaru6,Corect Tot respectul Nu cedÄƒm mergem pinÄƒ la capÄƒt cu Dumnezeu Ã®nainte ğŸ™ğŸ‡·ğŸ‡´ğŸ¤ğŸ‘,0
fe0c5a07-bbd5-45fb-947e-7f06dee0f9ab,7527601571677441302,,Lucian Constantin Cr,"È™i cel ce va tine arma,Ã®ndreptatÄƒ spre familia lui,, se va trezi ğŸ˜‰",0
4471b18b-dd0c-4031-afb7-ec420f0d8aed,7527601571677441302,,yanis,treziÈ›i-vÄƒ oameni buni avem cel mai inteligent PREÈ˜EDINTE ğŸ™âœŒï¸â¤ï¸,0
fad962a1-02cb-4269-9e02-22bcb77ffe06,7527601571677441302,,Tanciuc Pacuta,O SA REUSITI DEJA VA CUNOSC DE CAND VA ASCULT CEL MAI DESTEPT PRESEDINTELE ROMANIEIVA IUBIM DL PRESEDINTELE ROMANILOR DOAMNE AJUTAL SA SE TERMINE ACEST CALVAR O SA REUSITI DL C G SUCCES,0
3acd5afa-10c7-4d62-85d0-cee4758f06ee,7527601571677441302,,Decebalus perScorillo,"CALIN GEORGESCU PRESEDINTELE ROMANIEI SI AL TUTUROR ROMANILOR DIN TARA SI DIN STRINATATI SI MAI MULT DECAT ATAT, DIN GALAXIE!!!",0
1d1fac16-96ef-4696-8282-d06a89a52985,7527601571677441302,,Mariana57,Cite adevÄƒruri aÈ›i spus dar pe ei nu-i intereseazÄƒ dar Dumnezeu vede tot mai devreme sau mai tÃ¢rziu toate ies la iveala Doamne Ajuta Amin â™¥ï¸ğŸ‘,0
307c06a4-6e0d-402c-ae82-278d734b8a21,7527601571677441302,,luminitagschaider0,ğŸ¥°ğŸ¥°ğŸ¥°doamne ajuta,0
d7d9acb5-a38a-40aa-b60b-dcbdfc29ac6f,7527601571677441302,,Valentin Constantin,Vom merge pÃ¢nÄƒ la capÄƒt,0
6448f7ba-e56f-43ed-97b0-b5615d928544,7527601571677441302,,cristeadoina1,"Dumnezeu l-a trimis sÄƒ aflÄƒm ce se Ã®ntÃ¢mplÄƒ Ã®n tara,Tot Dumnezeu o sa ne ajute sÄƒ-l punem in fruntea È›Äƒrii,O sa avem cel mai deÈ™tept È™i iubit preÈ™edinte, Doamne ajuta poporul romÃ¢n È™i fam Georgescu!ğŸ™ğŸ™ğŸ™ğŸ™ğŸ™ğŸ™",0
4d21e4ef-08d7-4319-8cad-63dc718b0dec,7527601571677441302,,Claudia Stefan,bine ai a-È›i spus Äƒst este adevÄƒrul despre puterea care se aflÄƒ la guvern trebuie sÄƒ fie daÈ›i afarÄƒ toÈ›i cei care sunt la guvern acum,0
f019d68a-fa0a-4c83-8992-62e8eeb7d13c,7527601571677441302,,Carmen Marin,ğŸ™ğŸ™ğŸ™ doamne ajuta presedinte cÃ¥lin Georgescu felicitari,0
f1f43936-d39b-4e33-bf76-9fdf2039349c,7527601571677441302,,Mariana Serban,CÄƒlin Georgescu preÈ™edinte ğŸ™ğŸ™ğŸ™ğŸ™ğŸ™â¤â¤â¤â¤â¤â¤,0
d87249ee-e479-4475-8c56-c50d534481b3,7527601571677441302,,user7575791267103,CÄƒlin Georgescu-PreÈ™edintele RomÃ¢niei ğŸ™ğŸ™ğŸ™ğŸ‡·ğŸ‡´â¤ï¸ğŸ‡·ğŸ‡´,0
b67a0913-5f8d-4175-a3a2-f09b41da2a81,7527601571677441302,,user9384765975743,Respect domnule preÈ™edinte Ales! Va iubim!,0
6e991543-2a70-490e-8b3b-6aa66bc58681,7527601571677441302,,TRANDAFIRUL MOV,ADEVÄ‚RAT CALIN GEORGESCU PREÈ˜EDINTELE ROMÃ‚NIEI ALES DE POPORUL ROMÃ‚N ğŸŒºğŸŒºğŸŒºğŸŒºğŸŒºğŸ¥°ğŸ¥°ğŸ¥°ğŸ¥°ğŸ¥°ğŸŒºğŸ¥°ğŸ¥°ğŸŒº,0
16b9ca40-f270-46e7-b0fe-fbbce59fbfbc,7527601571677441302,,Gabriela genziana,"DUMNEZEU SÄ‚ VÄ‚ APERE È˜I BINECUVÃ‚NTEZE, DOMNULE GEORGESCU ğŸ™ğŸ™ğŸ™",0
edfa8146-8739-48a6-97e9-ad8ae2b2eedc,7527601571677441302,,lenutaionita669,C G preÈ™edinte Doamne ajuta,0
c8face22-fcb7-4f8a-9fc8-6764cc99be87,7527601571677441302,,doinanutu2,CÄƒlin Georgescu PreÈ™edinte Doamne-ajutÄƒ vÄƒ iubesc,0
3b57fe43-5857-4bdf-97f0-cd4dd8163a6f,7527601571677441302,,Miha1999,Dumnezeu sa ne ajute!,0
34917bf0-e4e1-4202-971c-888d0e672e98,7527601571677441302,,Mihaela Serban,Doamne ajutÄƒ CÄƒlin Georgescu preÈ™edinte,0
55d62fd8-5d20-4de9-9849-e90b7132ca59,7527601571677441302,,marioararotaru6,Corect Tot respectul Nu cedÄƒm mergem pinÄƒ la capÄƒt cu Dumnezeu Ã®nainte ğŸ™ğŸ‡·ğŸ‡´ğŸ¤ğŸ‘,0
583848cc-492a-427b-ac92-92bc7f32db97,7527601571677441302,,Lucian Constantin Cr,"È™i cel ce va tine arma,Ã®ndreptatÄƒ spre familia lui,, se va trezi ğŸ˜‰",0
5b2514d4-1626-4aee-8019-2b263c1f76eb,7527601571677441302,,yanis,treziÈ›i-vÄƒ oameni buni avem cel mai inteligent PREÈ˜EDINTE ğŸ™âœŒï¸â¤ï¸,0
a817205e-61ca-43eb-b14e-a0061be85945,7527601571677441302,,Tanciuc Pacuta,O SA REUSITI DEJA VA CUNOSC DE CAND VA ASCULT CEL MAI DESTEPT PRESEDINTELE ROMANIEIVA IUBIM DL PRESEDINTELE ROMANILOR DOAMNE AJUTAL SA SE TERMINE ACEST CALVAR O SA REUSITI DL C G SUCCES,0
cbc50415-f416-4a3b-9c6a-3daed2397c4c,7527601571677441302,,Decebalus perScorillo,"CALIN GEORGESCU PRESEDINTELE ROMANIEI SI AL TUTUROR ROMANILOR DIN TARA SI DIN STRINATATI SI MAI MULT DECAT ATAT, DIN GALAXIE!!!",0
f68adc21-ee31-419e-ac93-c031eb122f77,7527601571677441302,,Mariana57,Cite adevÄƒruri aÈ›i spus dar pe ei nu-i intereseazÄƒ dar Dumnezeu vede tot mai devreme sau mai tÃ¢rziu toate ies la iveala Doamne Ajuta Amin â™¥ï¸ğŸ‘,0
e9cc8807-6445-4c24-a8c7-2d15d53d6c28,7527601571677441302,,luminitagschaider0,ğŸ¥°ğŸ¥°ğŸ¥°doamne ajuta,0
c228bc35-f3fa-4dab-b54e-10490656ac6e,7527601571677441302,,Valentin Constantin,Vom merge pÃ¢nÄƒ la capÄƒt,0
862c62bb-3d8a-4ca6-9acb-f61680626557,7527601571677441302,,cristeadoina1,"Dumnezeu l-a trimis sÄƒ aflÄƒm ce se Ã®ntÃ¢mplÄƒ Ã®n tara,Tot Dumnezeu o sa ne ajute sÄƒ-l punem in fruntea È›Äƒrii,O sa avem cel mai deÈ™tept È™i iubit preÈ™edinte, Doamne ajuta poporul romÃ¢n È™i fam Georgescu!ğŸ™ğŸ™ğŸ™ğŸ™ğŸ™ğŸ™",0
b5f73204-6a0d-40bf-9672-59c0fa583a09,7527601571677441302,,Claudia Stefan,bine ai a-È›i spus Äƒst este adevÄƒrul despre puterea care se aflÄƒ la guvern trebuie sÄƒ fie daÈ›i afarÄƒ toÈ›i cei care sunt la guvern acum,0
0ccfd13c-ab4c-4d80-bd09-ee36621751ea,7527601571677441302,,Carmen Marin,ğŸ™ğŸ™ğŸ™ doamne ajuta presedinte cÃ¥lin Georgescu felicitari,0
0366ef1f-23a8-4229-95e4-30a7f0167c4e,7527601571677441302,,Mariana Serban,CÄƒlin Georgescu preÈ™edinte ğŸ™ğŸ™ğŸ™ğŸ™ğŸ™â¤â¤â¤â¤â¤â¤,0
9153efb9-cba8-4468-93f5-126ea04cb45e,7527601571677441302,,user7575791267103,CÄƒlin Georgescu-PreÈ™edintele RomÃ¢niei ğŸ™ğŸ™ğŸ™ğŸ‡·ğŸ‡´â¤ï¸ğŸ‡·ğŸ‡´,0
a70e25aa-402d-4f6f-9173-8a483003d4ac,7527601571677441302,,user9384765975743,Respect domnule preÈ™edinte Ales! Va iubim!,0
e5b57f17-0ba5-49a3-bfac-d1428e1d8056,7527601571677441302,,TRANDAFIRUL MOV,ADEVÄ‚RAT CALIN GEORGESCU PREÈ˜EDINTELE ROMÃ‚NIEI ALES DE POPORUL ROMÃ‚N ğŸŒºğŸŒºğŸŒºğŸŒºğŸŒºğŸ¥°ğŸ¥°ğŸ¥°ğŸ¥°ğŸ¥°ğŸŒºğŸ¥°ğŸ¥°ğŸŒº,0
6b3cdf9c-d245-4e56-a1ba-fe395b5b6b2a,7527601571677441302,,Gabriela genziana,"DUMNEZEU SÄ‚ VÄ‚ APERE È˜I BINECUVÃ‚NTEZE, DOMNULE GEORGESCU ğŸ™ğŸ™ğŸ™",0
72f76c5e-ba24-4f29-ae9e-9de05dd15fcc,7527601571677441302,,lenutaionita669,C G preÈ™edinte Doamne ajuta,0
50aa13d0-2ec6-41b1-8f2b-6e458d642a33,7527601571677441302,,doinanutu2,CÄƒlin Georgescu PreÈ™edinte Doamne-ajutÄƒ vÄƒ iubesc,0
93839d8c-ac49-4fce-87cd-f997bd8307b1,7527601571677441302,,Miha1999,Dumnezeu sa ne ajute!,0
d13fbb1e-bb92-4e8f-9f11-2bfa6185033d,7527601571677441302,,Mihaela Serban,Doamne ajutÄƒ CÄƒlin Georgescu preÈ™edinte,0
5287a32d-dd65-4d08-bc3e-24dbd72dba1e,7527601571677441302,,Mariana Serban,"Succes, CÄƒlin Georgescu preÈ™edinte ğŸ™ğŸ™ğŸ™ğŸ™â¤â¤â¤â¤",0
509f98ed-e3aa-4872-86a9-2814d732bed3,7527601571677441302,,Mariana Geabana,CÄƒlin Georgescu preÈ™edinte Doamne ajutÄƒ Amin ğŸ¥°ğŸ¥°ğŸ¥°ğŸ˜‡ğŸ˜‡ğŸ˜‡,0
0b954d5a-4617-48db-8e01-053f12167c93,7527601571677441302,,Florica Bogdan,Respect CG!,0
266aa80d-8eff-4100-b02b-e1b0b6efb981,7527601571677441302,,Nony Foanene,â¤ï¸Doamne ajuta,0
d1372fd2-002f-4f79-9de5-9cba4c8ffb7c,7527601571677441302,,Brigada Adam ÅŸi Eva,"ğŸ¥°ğŸ¥°ğŸ¥°ğŸ¥°ğŸ¥°c,gğŸ¥°ğŸ¥°ğŸ¥°",0
43629cfa-bd61-44ee-8ae9-5d24229ae1aa,7527601571677441302,,danielaalexandru87,C Georgescu presedinte,0
0922c49c-ea5a-473e-868b-cf636a84cdc6,7527601571677441302,,Gherghina Nica Sima,CALIN GEORGESCU PRESEDINTE,0
3a55dfee-47f8-4459-8431-96326a8b7e58,7527601571677441302,,Sara,doamne ajuta cÄƒlin georgescu preÈ™edinte,0
b609b623-1e78-4d8b-b34c-c79d887e045b,7527601571677441302,,smau005,Sanatate va dorim va iubim om frumos veti fii tot pentru tara noastra cine iubeste Rominia se vede cine nu nu le dam valoare dv sunteti speranta noastra a diasporei neati unit va iubim vom fi cu dv pina la capat vom invinge pina la urma nu vor fi ei mai tari ca poporul Romin va iubeste diaspora ğŸ¥°ğŸ¥°ğŸ¥°ğŸ¥°ğŸ¥°ğŸ¥°ğŸ¥°,0
8d4a473e-6074-4ff0-933a-b0a21daed508,7527601571677441302,,Cristina Kryss355,OMUL adevÄƒrului ğŸ™ğŸ™ğŸ™ğŸ™ğŸ™ğŸ™ğŸ™ğŸ™ğŸ™â¤ï¸â¤ï¸â¤ï¸â¤ï¸â¤ï¸â¤ï¸â¤ï¸â¤ï¸â¤ï¸â¤ï¸â¤ï¸â¤ï¸,0
2113b70c-fdb8-478d-9033-49b0b921e506,7527601571677441302,,Mc Mc,âœŒï¸âœŒï¸âœŒï¸âœŒï¸â™¥ï¸â™¥ï¸â™¥ï¸â™¥ï¸â™¥ï¸â™¥ï¸â™¥ï¸PreÈ™edinte,0
76aafbed-b37f-45c5-a777-0dbe17fdef36,7527601571677441302,,arcana anuta,Doamne ajuta Calin Georgescu Precedinte va iubim neconditionat,0
f49b7ef2-be35-48c4-80f2-fb3dfa08c7f1,7527601571677441302,,Meyer Iulica,CÄƒlin Georgescu preÈ™edinte doamne ajutÄƒ,0
b45b32c4-1f59-458b-bc8f-8f910e0880e4,7527601571677441302,,lilianafarcas51,Multa sanatate Calin Georgescu Presedinte Doamne ajuta,0
dfe9d605-c52e-4470-94d6-882e65a33ae0,7527601571677441302,,pahomigheorghe1,respect CÄƒlin Georgescu,0
968ee149-e2a7-4164-af98-c523c05b1028,7527601571677441302,,Mariana Serban,Corect domnule preÈ™edinte ğŸ™â¤â¤,0
4926f104-a5d7-4810-a99e-f29deb917d73,7527601571677441302,,ğŸ‡¹ğŸ‡©Liliana DrÄƒganğŸ‡¹ğŸ‡©â¤ï¸,Doamne ajutÄƒ CÄƒlin Georgescu preÈ™edinte ğŸ™ğŸ™ğŸ™ğŸ™ğŸ’¯ğŸ’¯ğŸ’¯ğŸ’¯ğŸ’¯,0
6e80e6b0-6fde-4156-8567-6c8a8faec7d0,7527601571677441302,,Mariana Airinei,CÄ‚LIN GEORGESCU ESTE PREÈ˜EDINTELE ROMÃ‚NIEI LEGITIM...,0
6bbed408-1ed6-4587-8e43-79d5cfee71b1,7527601571677441302,,Decebal,ğŸ¥°ğŸ¥°ğŸ¥°,0
acc65832-5837-4baf-a636-2ebffb924fa7,7527601571677441302,,ğŸ‡·ğŸ‡´Billo MohammadğŸŒ¹,ğŸ’ğŸ’ğŸ’,0
7c64a90d-307a-4716-8ef8-d3db752a5f40,7495147531911843094,,Doina Vlad883,"NiciodatÄƒ Simion preÈ™edinte. Nu este capabil sÄƒ administreze o È›arÄƒ,este agresiv,jigneste colegii din Parlament È™i oamenii care nu sunt de acord cu el si este NEEDUCAT.",0
3ae5f386-fb56-4f5d-883b-bf3dd3da558a,7495147531911843094,,1122,simion ni face cit un ban gaurit,0
de15bfba-6fe1-44cf-86ce-7b12a053f002,7495147531911843094,,MiticÄƒ mÄƒrgelu,Nu poÈ›i fi preÈ™edinte pina nu termini treaba cu jupuitul oamenilor Ã®n piaÈ›Äƒ publicÄƒ nu poÈ›i ocupa douÄƒ functideodata tu ai zis-o,0
9533592c-d3f7-4b35-83bf-0a1203aff1d3,7495147531911843094,,florinmercedes2,"ne doare cÃ¢nd tu ai votat la Brusel , Ursula preÈ™edinte, cÃ¢nd spui cÄƒ sduci inRo800 mio de evrei , cÃ¢nd ai votat pt pensii speciale ect",0
1ca5c719-6fa0-4c9e-993a-0ccbc852724f,7495147531911843094,,Angel,mi s-a oprit sunetul. Vi s-a Ã®ntÃ¢mplat ÅŸi vouÄƒ?,0
03398241-6a0b-4e0b-8afa-ccea0a0b2131,7495147531911843094,,soanadan,"cei ce denigreazÄƒ discursul lui GS, nu È™tiÈ›i despre ce este vorba! GS spune adevÄƒrul. InformaÈ›i-vÄƒ ! Au fost puse la pÄƒmÃ¢nt,la propriu, aceste entitÄƒÈ›i economice....",0
2ebd438f-da71-4961-8e79-d5c8af74030a,7495147531911843094,,Fabian Ponici,avem atÃ®tea zÄƒcÄƒminte È™i noi sÃ®ntem datori asta este proasta guvernare vrem schimbare totalÄƒ urgent.,0
70c23316-5316-403d-860c-5e1000d7c4e2,7495147531911843094,,Marinica Petrariu,forta GS un om care lupta pentru interesele romanilorâ¤â¤â¤,0
0125ac09-95b6-4d1d-a3c3-759fc7a8979a,7495147531911843094,,Petri Bobirica,GS si calin Georgescu presedintele Romaniei,0
1ff17cd4-fe73-43a0-b3ae-fb9329f5a0e0,7495147531911843094,,Claudiu Nicu,Simion George preÈ™edinte â¤ï¸â¤ï¸â¤ï¸â¤ï¸â¤ï¸â¤ï¸â¤ï¸â¤ï¸â¤ï¸â¤ï¸ğŸ’ªğŸ’ªğŸ’ªğŸ’ªğŸ’ªğŸ’ªğŸ’ª,0
cab84647-30f4-47dd-9d1a-cb5a55eaa10e,7495147531911843094,,user1731505005191,"Traiasca Romania Libera Si Democrata, tot inainte.George Simion ğŸ‘ğŸ‘ğŸ‘ğŸ‘ğŸ’¯ğŸ’¯ğŸ’¯ğŸ’¯.C.Gâ™¥ï¸.4Mai romanasilor Este randul nostru SA ne spunem cuvantul,SA ne luam tara inapoi DIN mainile tradatorilor.",0
3e048301-1628-49e0-86b4-e635dd9f310b,7495147531911843094,,Dan Aionesei,"CÄƒlin Georgescu preÈ™edinte, votÄƒm Simion!",0
73d6fad8-0d44-414b-80e1-b2b2c257f8e7,7495147531911843094,,Titu,creÈ™te frumos bravoo ce Ã®nseamnÄƒ profesor bun,0
df4a6b0d-1745-4947-a6fc-d55e3503ebf3,7495147531911843094,,user8373290599520,Simion preÈ™edinte al RomÃ¢niei ğŸ’¯ğŸ’¯ğŸ’¯,0
f7cdb3c0-90c5-4e16-ab77-b49581c10625,7495147531911843094,,Doina Vlad883,"NiciodatÄƒ Simion preÈ™edinte. Nu este capabil sÄƒ administreze o È›arÄƒ,este agresiv,jigneste colegii din Parlament È™i oamenii care nu sunt de acord cu el si este NEEDUCAT.",0
7dc38a8a-69de-4004-89ab-504ea5f5d9ec,7495147531911843094,,1122,simion ni face cit un ban gaurit,0
a5a4dc59-ad22-4ae9-a161-62543dc2953e,7495147531911843094,,MiticÄƒ mÄƒrgelu,Nu poÈ›i fi preÈ™edinte pina nu termini treaba cu jupuitul oamenilor Ã®n piaÈ›Äƒ publicÄƒ nu poÈ›i ocupa douÄƒ functideodata tu ai zis-o,0
f0f41a4e-f81d-4133-9172-34ef79c323d9,7495147531911843094,,florinmercedes2,"ne doare cÃ¢nd tu ai votat la Brusel , Ursula preÈ™edinte, cÃ¢nd spui cÄƒ sduci inRo800 mio de evrei , cÃ¢nd ai votat pt pensii speciale ect",0
73278dc6-2dbe-46e4-830f-3c024f5074cc,7495147531911843094,,Angel,mi s-a oprit sunetul. Vi s-a Ã®ntÃ¢mplat ÅŸi vouÄƒ?,0
a210dd80-571b-422e-bddf-1ef241a6dd9a,7495147531911843094,,soanadan,"cei ce denigreazÄƒ discursul lui GS, nu È™tiÈ›i despre ce este vorba! GS spune adevÄƒrul. InformaÈ›i-vÄƒ ! Au fost puse la pÄƒmÃ¢nt,la propriu, aceste entitÄƒÈ›i economice....",0
4df434b4-ba14-44d2-aa90-314c95d4f26a,7495147531911843094,,Fabian Ponici,avem atÃ®tea zÄƒcÄƒminte È™i noi sÃ®ntem datori asta este proasta guvernare vrem schimbare totalÄƒ urgent.,0
0359ee1a-895a-4511-b69d-dbed0cde1c01,7495147531911843094,,Marinica Petrariu,forta GS un om care lupta pentru interesele romanilorâ¤â¤â¤,0
8d2fd124-8f7a-48f1-8c8a-16ed6ca42c7f,7495147531911843094,,Petri Bobirica,GS si calin Georgescu presedintele Romaniei,0
dc042e6c-c033-4c63-b321-54b4ea6c617c,7495147531911843094,,Claudiu Nicu,Simion George preÈ™edinte â¤ï¸â¤ï¸â¤ï¸â¤ï¸â¤ï¸â¤ï¸â¤ï¸â¤ï¸â¤ï¸â¤ï¸ğŸ’ªğŸ’ªğŸ’ªğŸ’ªğŸ’ªğŸ’ªğŸ’ª,0
b7867625-05ba-4d5d-82cf-05b24208c1b9,7495147531911843094,,user1731505005191,"Traiasca Romania Libera Si Democrata, tot inainte.George Simion ğŸ‘ğŸ‘ğŸ‘ğŸ‘ğŸ’¯ğŸ’¯ğŸ’¯ğŸ’¯.C.Gâ™¥ï¸.4Mai romanasilor Este randul nostru SA ne spunem cuvantul,SA ne luam tara inapoi DIN mainile tradatorilor.",0
f0ebe0ba-d6ec-415b-a1a7-0dcc3feef398,7495147531911843094,,Dan Aionesei,"CÄƒlin Georgescu preÈ™edinte, votÄƒm Simion!",0
c443edc6-f990-443e-b58e-295cb043602e,7495147531911843094,,Titu,creÈ™te frumos bravoo ce Ã®nseamnÄƒ profesor bun,0
36dbee22-9dac-4860-bb38-5e2002ac2ca3,7495147531911843094,,user8373290599520,Simion preÈ™edinte al RomÃ¢niei ğŸ’¯ğŸ’¯ğŸ’¯,0
95fc400d-6ef3-4934-b4cf-32a7377e96b4,7495147531911843094,,MiticÄƒ mÄƒrgelu,Tu nu vei fi preÈ™edintele rominiei pina nu termini treaba cu jupuitul,0
cc047c43-1bea-4e43-8be6-7987ea08e10a,7495147531911843094,,Marinica Petrariu,Corect corect GS patriotul nostru lupta pentru interesele romanilor â¤â¤â¤,0
f4e43618-1a20-4ec3-92c4-d068c9cfd01c,7495147531911843094,,Dinu,George Simion presedinte,0
e10e35e0-1340-49c5-ae04-56463df2d605,7495147531911843094,,Popa Daniel Sorin,aoleu m,0
d7a4b476-229b-412f-93a4-a56a060c3604,7495147531911843094,,feraru,"vot, simion c,g",0
64ca174e-3f33-4c1e-bb36-3d26f0c6d6b4,7495147531911843094,,Bursuc,GS1 ğŸ¤—,0
f3111be9-577e-485a-87b8-f4c18c596ed3,7495147531911843094,,valeria CriÈ™an,Doamne ajuta -ne Doamne È™i fii cu noii Doamne ğŸ™ğŸ™ğŸ™ğŸ™ğŸ™ğŸ™ Simion PreÈ™edinte punct ğŸ™ğŸ™ğŸ™ğŸ™ğŸ™ğŸ™ğŸ™ğŸ™ğŸ™ğŸ™ğŸ™â¤ï¸ğŸ™â¤ï¸ğŸ™â¤ï¸â¤ï¸â¤ï¸â¤ï¸â¤ï¸â¤ï¸â¤ï¸,0
249fc373-3562-4618-81d5-6251c16a83ed,7495147531911843094,,Geo 70,ğŸ‘Respect,0
1ffa2c27-9dfb-4f1b-b1c4-d1cde735f3de,7495147531911843094,,Mihai Macoveanu,Simion preÈ™edinte,0
e6f2bc87-75c3-422e-9c61-059755e6f035,7495147531911843094,,Nicolae Lina369,presdinte,0
cd6b11ee-4731-4750-9b5a-61374a978048,7495147531911843094,,Cristi Constantin,vot Simion,0
91e41b95-fecc-48b2-8208-d07721289c89,7495147531911843094,,anda11,bravo ğŸ‘ğŸ‘ğŸ‘ğŸ‘,0
5fc869e6-c8fb-437a-96f2-17310d38502b,7495147531911843094,,irinaluca33,Bravo dle Simion ğŸ¥°ğŸ¥°ğŸ¥°,0
7f4c665e-1514-41ad-8e05-227700bdddb0,7495147531911843094,,Nicoleta Lepadat,ğŸ¥° SIMION PRESIDENTE ğŸ¥° SÃ ğŸ¥° CG â¤ï¸PRIM MINISTRUL ğŸ¥°,0
80bc0eef-48e4-417d-ac55-e3bd7f05e8ae,7495147531911843094,,cerasela,George Simion presedinte,0
a5d4fe65-d535-4e1d-a6aa-ed3abd069507,7495147531911843094,,Mary mary,ForÈ›Äƒ Simion ğŸ™,0
0cc81ba9-1614-428f-825d-eae696931fad,7495147531911843094,,Paulo Montana,Simion Presedinte,0
231d6e71-ecb3-452c-93fa-d7ebba0922c1,7495147531911843094,,Gabriela,Respect,0
64a4959a-84ec-468c-b1c2-02d3ac2d657c,7495147531911843094,,Dragos 2009,Simion preÈ™edinte,0
7703539b-0255-4678-8780-e346bb0fefc1,7495147531911843094,,AuricÄƒ,mergem Ã®nainte cu Simion ğŸ‘ğŸ‘ğŸ‘,0
51595407-b788-4665-acd3-bd5859717aff,7495147531911843094,,Doina Vlad883,"NiciodatÄƒ Simion preÈ™edinte. Nu este capabil sÄƒ administreze o È›arÄƒ,este agresiv,jigneste colegii din Parlament È™i oamenii care nu sunt de acord cu el si este NEEDUCAT.",0
9ae3bb53-a722-4947-9677-aa68a8fd8438,7495147531911843094,,1122,simion ni face cit un ban gaurit,0
398b3c51-4a17-4d5a-8d14-d9c2c6d48fa3,7495147531911843094,,MiticÄƒ mÄƒrgelu,Nu poÈ›i fi preÈ™edinte pina nu termini treaba cu jupuitul oamenilor Ã®n piaÈ›Äƒ publicÄƒ nu poÈ›i ocupa douÄƒ functideodata tu ai zis-o,0
8687036c-f533-4305-8a79-b6fd30bfe454,7495147531911843094,,florinmercedes2,"ne doare cÃ¢nd tu ai votat la Brusel , Ursula preÈ™edinte, cÃ¢nd spui cÄƒ sduci inRo800 mio de evrei , cÃ¢nd ai votat pt pensii speciale ect",0
cf0c123a-d806-433c-bdff-99ccdb46441f,7495147531911843094,,Angel,mi s-a oprit sunetul. Vi s-a Ã®ntÃ¢mplat ÅŸi vouÄƒ?,0
78d2afae-f926-436b-bc67-1a00a9631d62,7495147531911843094,,soanadan,"cei ce denigreazÄƒ discursul lui GS, nu È™tiÈ›i despre ce este vorba! GS spune adevÄƒrul. InformaÈ›i-vÄƒ ! Au fost puse la pÄƒmÃ¢nt,la propriu, aceste entitÄƒÈ›i economice....",0
f217000f-e591-4753-8d8f-8e0a4c853e87,7495147531911843094,,Fabian Ponici,avem atÃ®tea zÄƒcÄƒminte È™i noi sÃ®ntem datori asta este proasta guvernare vrem schimbare totalÄƒ urgent.,0
8204fccf-8ff9-4d34-9eda-20b01cccc867,7495147531911843094,,Marinica Petrariu,forta GS un om care lupta pentru interesele romanilorâ¤â¤â¤,0
3fb7dd2d-f11c-4231-acf8-bb3c4b1ab221,7495147531911843094,,Petri Bobirica,GS si calin Georgescu presedintele Romaniei,0
77e5970b-8473-42d4-b97e-df5cb1dddb1e,7495147531911843094,,Claudiu Nicu,Simion George preÈ™edinte â¤ï¸â¤ï¸â¤ï¸â¤ï¸â¤ï¸â¤ï¸â¤ï¸â¤ï¸â¤ï¸â¤ï¸ğŸ’ªğŸ’ªğŸ’ªğŸ’ªğŸ’ªğŸ’ªğŸ’ª,0
27a3933d-9afa-4b29-972c-a991df81f610,7495147531911843094,,user1731505005191,"Traiasca Romania Libera Si Democrata, tot inainte.George Simion ğŸ‘ğŸ‘ğŸ‘ğŸ‘ğŸ’¯ğŸ’¯ğŸ’¯ğŸ’¯.C.Gâ™¥ï¸.4Mai romanasilor Este randul nostru SA ne spunem cuvantul,SA ne luam tara inapoi DIN mainile tradatorilor.",0
9a2898a0-3313-4721-8ec2-232018b51cd4,7495147531911843094,,Dan Aionesei,"CÄƒlin Georgescu preÈ™edinte, votÄƒm Simion!",0
a9eda5fc-66fe-4564-ab97-c89579a00c0a,7495147531911843094,,Titu,creÈ™te frumos bravoo ce Ã®nseamnÄƒ profesor bun,0
020494c8-5755-4cdb-903f-b6ad1566f94f,7495147531911843094,,user8373290599520,Simion preÈ™edinte al RomÃ¢niei ğŸ’¯ğŸ’¯ğŸ’¯,0
c8e18539-ee40-4785-a329-b5097f6ca63c,7495147531911843094,,MiticÄƒ mÄƒrgelu,Tu nu vei fi preÈ™edintele rominiei pina nu termini treaba cu jupuitul,0
7af76f7a-aeaf-4185-97ce-745af46db503,7495147531911843094,,Marinica Petrariu,Corect corect GS patriotul nostru lupta pentru interesele romanilor â¤â¤â¤,0
3972171e-64c9-43e2-9572-a91d9516d395,7495147531911843094,,Dinu,George Simion presedinte,0
f7bbe288-30da-4420-99c0-794de1cf4be6,7495147531911843094,,Popa Daniel Sorin,aoleu m,0
dfee3112-9b00-4231-8836-8bc650abb3a4,7495147531911843094,,feraru,"vot, simion c,g",0
f041c0b3-dba2-48fc-b5e9-6d93d52e1ea3,7495147531911843094,,Bursuc,GS1 ğŸ¤—,0
a3563079-258f-45d3-b4d6-52743adebde4,7495147531911843094,,valeria CriÈ™an,Doamne ajuta -ne Doamne È™i fii cu noii Doamne ğŸ™ğŸ™ğŸ™ğŸ™ğŸ™ğŸ™ Simion PreÈ™edinte punct ğŸ™ğŸ™ğŸ™ğŸ™ğŸ™ğŸ™ğŸ™ğŸ™ğŸ™ğŸ™ğŸ™â¤ï¸ğŸ™â¤ï¸ğŸ™â¤ï¸â¤ï¸â¤ï¸â¤ï¸â¤ï¸â¤ï¸â¤ï¸,0
da417733-d58d-482d-89af-176c0befc576,7495147531911843094,,Geo 70,ğŸ‘Respect,0
79eadaa9-8949-444e-ab79-282e21777e51,7495147531911843094,,Mihai Macoveanu,Simion preÈ™edinte,0
6fac362b-8321-4489-86e3-be25fca9ed62,7495147531911843094,,Nicolae Lina369,presdinte,0
8e7b6919-13cc-4027-a8c9-c5f2d271748e,7495147531911843094,,Cristi Constantin,vot Simion,0
ebb573c6-21f1-4348-bb51-3d5bd9af5f2c,7495147531911843094,,anda11,bravo ğŸ‘ğŸ‘ğŸ‘ğŸ‘,0
507364c0-f9ac-43e9-b391-47350e708026,7495147531911843094,,irinaluca33,Bravo dle Simion ğŸ¥°ğŸ¥°ğŸ¥°,0
d487aae6-56ef-4314-9c5d-73d258780630,7495147531911843094,,Nicoleta Lepadat,ğŸ¥° SIMION PRESIDENTE ğŸ¥° SÃ ğŸ¥° CG â¤ï¸PRIM MINISTRUL ğŸ¥°,0
67bbd834-78a9-4952-a41b-2c6448ad4166,7495147531911843094,,cerasela,George Simion presedinte,0
76289471-b420-4e02-b309-ed07f188089a,7495147531911843094,,Mary mary,ForÈ›Äƒ Simion ğŸ™,0
fca68e72-acb3-478e-ab4a-aba68b220cab,7495147531911843094,,Paulo Montana,Simion Presedinte,0
95093c00-ef95-4934-83a8-3bfb9b0366f7,7495147531911843094,,Gabriela,Respect,0
29e59129-cbdf-40b8-bf4c-a87f137c3574,7495147531911843094,,Dragos 2009,Simion preÈ™edinte,0
74ccd531-60e6-43db-8c4b-37d30bdfbe06,7495147531911843094,,AuricÄƒ,mergem Ã®nainte cu Simion ğŸ‘ğŸ‘ğŸ‘,0
a50e6ca1-dd8e-4089-ac28-a4bc6dc44074,7522200346312166678,,Ursu brun Ursu brun,niciodatÄƒ nu o sÄƒ punÄƒ piciorul la Cotroceni,0
5e562719-7631-455c-bb32-d89811e1e239,7522200346312166678,,Const,"RomÃ¢nia este una singurÄƒ si are presedinte european,nu prorus. NICUÈ˜OR DAN PREÈ˜EDINTE",0
7bf1a41a-3e1b-46ee-b9f5-a56a883989c4,7522200346312166678,,Nelu Volocariu,"Ai spus,presedinte la Jilava?ca nu am fost atent.",0
7d557400-374d-4555-859a-e16c334771e7,7522200346312166678,,Pop Roxana Mihaela,Avem un preÈ™edinte Pro European. È˜i cei din Serbia nu Ã®l mai vor pe prietenul lui Putin. Vor in preÈ™edinte pro European,0
936593b3-abe9-4837-aa75-6b42c64d49c6,7522200346312166678,,Mariana,Cacalin nuca fi niciodatÄƒ preÈ™edintele RomÃ¢niei!!!ğŸ˜‚,0
8b94a93e-a0e7-4431-a808-b473de58cac5,7522200346312166678,,Nicas Florent,"SuveraniÈ™tii lu' peÈ™te, chiar cred ! ğŸ¤£ğŸ¤£ğŸ¤£ Tribunalul sportiv de la Haga !!!ğŸ¤£ğŸ¤£ğŸ¤£ E bunÄƒ rÄƒu !",0
7f38d26d-77ec-443e-9ff2-e30fb0b6262b,7522200346312166678,,Cristi,Doamne ajuta ğŸ™ CÄƒlin Georgescu PreÈ™edintele RomÃ¢niei ğŸ™,0
74bf6e43-fd57-4f66-86f5-d217ea3dfd2c,7522200346312166678,,G.M.P,Comisia EuropeanÄƒ a Nilului de Jos a validat Decizia Tribunalului de la Haga. Am Ã®nfrÃ¢nt!,0
65bb774c-8f26-4ae5-870e-ba849bdfd2f8,7522200346312166678,,Nico460,si eu sunt fericit ca tu ai presedinte pe nicusor dan,0
be892ad3-76c3-4ba9-9d11-082428f1826f,7522200346312166678,,Dany,Calin Georgescu este unicul care merita sa fie presedinte,0
4df267d2-9150-469b-a790-f1e54abe7f83,7522200346312166678,,Elon Musk,"tu chiar Ã®È›i baÈ›i joc de noi È™i ne amÄƒgeÈ™ti, s-au este adevÄƒrat , cÃ¢nd va fi CÄƒlin Georgescu PreÈ™edintele RomÃ¢niei aÈ™tept de foarte mult timp vestea asta ğŸ˜­ğŸ˜­ğŸ˜­ da eu nu prea mai am Ã®ncredere ce se posteazÄƒ ğŸ¥²ğŸ¥²ğŸ¥²",0
d3696eb3-bd9e-4376-82b5-a7792447a87a,7522200346312166678,,Erick460,nu va mai faceÈ›i speranÈ›e domnu CÄƒlin Georgescu este un capitol Ã®nchis,0
ce79acaa-6ae5-4b59-bf8a-5c449955fa3f,7522200346312166678,,Madalin Avarvarei,"Ma uitam prin comentarii, suntem pe cale de disparitie ğŸ˜‚ğŸ˜‚ Vai de noi",0
15780288-a2be-4f80-8099-02739f5ef41a,7522200346312166678,,CÄƒtÄƒlin,"""Tribunalul sportiv""ğŸ˜‚ğŸ˜‚",0
b4bb525e-cea7-4974-871d-9eb657698e04,7522200346312166678,,Mariana,ğŸ™ğŸ™ğŸ™ğŸ™ğŸ™ğŸ™ğŸ™ğŸ™ğŸ™ğŸ™ğŸ™ğŸ™ğŸ™ğŸ™ğŸ™ğŸ™ğŸ™ğŸ™ğŸ™ğŸ™ğŸ™CÄ‚LIN GEORGESCU ESTE PRESEDINTE ğŸ™ğŸ™ğŸ™ğŸ¥°ğŸ¥°ğŸ¥°â¤ï¸â¤ï¸â¤ï¸,0
ff378373-7565-41f3-9c33-5163df62291a,7522200346312166678,,@Scorpion Gabriela,"Traiasca Romania Mare cu Calin Georgescu presedintele nostru ales din inima ğŸ‘ğŸ‘ğŸ‘Jos caricaturile de la conducerea tari ğŸ˜¡ğŸ˜¡ğŸ˜¡Jos maimutoii sorosisti, jos jeguri penale, jos Bolovanu si Muciosu ğŸ˜¡ğŸ˜¡ğŸ˜¡CURATENIE GENERALA URGENT ğŸ˜¡ğŸ˜¡ğŸ˜¡",0
a30376ac-e41a-4d3e-b556-b1dd860abe9e,7522200346312166678,,Mariana,Calin Georgescu este si va fi preÈ™edintele RomÃ¢niei,0
bb372bae-38b5-4393-a7c9-3c38d13fa8b6,7522200346312166678,,Miruna,"O sÄƒ plÃ¢ngem o È›arÄƒ dacÄƒ este adevÄƒrat ceea ce spui ,o sÄƒ plÃ¢ngem toÈ›i de bucurie ğŸ˜­ğŸ˜­ğŸ˜­",0
c60ca9ad-c175-4993-abd6-3c14dfb23ad3,7522200346312166678,,Deyvyd Andreas,Respect Rusia ğŸ’ª ğŸ‡·ğŸ‡º,0
2a57f81c-7642-48e1-bbf1-35340f59bb8d,7522200346312166678,,Ursu brun Ursu brun,niciodatÄƒ nu o sÄƒ punÄƒ piciorul la Cotroceni,0
1bfff1d1-e495-4cf9-bce1-b152a2d545cf,7522200346312166678,,Const,"RomÃ¢nia este una singurÄƒ si are presedinte european,nu prorus. NICUÈ˜OR DAN PREÈ˜EDINTE",0
8e700a7d-e197-43e2-a452-281f7a259fe5,7522200346312166678,,Nelu Volocariu,"Ai spus,presedinte la Jilava?ca nu am fost atent.",0
c133e405-1325-4e2f-a97e-801887920ebb,7522200346312166678,,Pop Roxana Mihaela,Avem un preÈ™edinte Pro European. È˜i cei din Serbia nu Ã®l mai vor pe prietenul lui Putin. Vor in preÈ™edinte pro European,0
798b90f7-2018-4af0-a7da-acf50b016948,7522200346312166678,,Mariana,Cacalin nuca fi niciodatÄƒ preÈ™edintele RomÃ¢niei!!!ğŸ˜‚,0
1f8e2b53-0f3a-4abc-acae-21e34a5af2c8,7522200346312166678,,Nicas Florent,"SuveraniÈ™tii lu' peÈ™te, chiar cred ! ğŸ¤£ğŸ¤£ğŸ¤£ Tribunalul sportiv de la Haga !!!ğŸ¤£ğŸ¤£ğŸ¤£ E bunÄƒ rÄƒu !",0
29ebdd79-355c-4de7-b5cc-5cc4d0740525,7522200346312166678,,Cristi,Doamne ajuta ğŸ™ CÄƒlin Georgescu PreÈ™edintele RomÃ¢niei ğŸ™,0
541130bb-19d2-4ea1-9d53-d0842d26732f,7522200346312166678,,G.M.P,Comisia EuropeanÄƒ a Nilului de Jos a validat Decizia Tribunalului de la Haga. Am Ã®nfrÃ¢nt!,0
526e76d3-07fc-4893-b53a-e8510b5ed94b,7522200346312166678,,Nico460,si eu sunt fericit ca tu ai presedinte pe nicusor dan,0
ad1f95d8-da54-49da-ae02-aaf5b1f38507,7522200346312166678,,Dany,Calin Georgescu este unicul care merita sa fie presedinte,0
c9a1d8f2-d4b6-4cd0-bd35-e57de8c5ac4d,7522200346312166678,,Elon Musk,"tu chiar Ã®È›i baÈ›i joc de noi È™i ne amÄƒgeÈ™ti, s-au este adevÄƒrat , cÃ¢nd va fi CÄƒlin Georgescu PreÈ™edintele RomÃ¢niei aÈ™tept de foarte mult timp vestea asta ğŸ˜­ğŸ˜­ğŸ˜­ da eu nu prea mai am Ã®ncredere ce se posteazÄƒ ğŸ¥²ğŸ¥²ğŸ¥²",0
c3cedd16-c884-4f9f-9299-cd1bd2571134,7522200346312166678,,Erick460,nu va mai faceÈ›i speranÈ›e domnu CÄƒlin Georgescu este un capitol Ã®nchis,0
e6a565e6-f730-4e98-a023-ae9aa467e452,7522200346312166678,,Madalin Avarvarei,"Ma uitam prin comentarii, suntem pe cale de disparitie ğŸ˜‚ğŸ˜‚ Vai de noi",0
6e5c8107-b8e6-4690-bf70-69d739bb595e,7522200346312166678,,CÄƒtÄƒlin,"""Tribunalul sportiv""ğŸ˜‚ğŸ˜‚",0
d7be4c83-77ed-4e79-b267-c8e443b94c76,7522200346312166678,,Mariana,ğŸ™ğŸ™ğŸ™ğŸ™ğŸ™ğŸ™ğŸ™ğŸ™ğŸ™ğŸ™ğŸ™ğŸ™ğŸ™ğŸ™ğŸ™ğŸ™ğŸ™ğŸ™ğŸ™ğŸ™ğŸ™CÄ‚LIN GEORGESCU ESTE PRESEDINTE ğŸ™ğŸ™ğŸ™ğŸ¥°ğŸ¥°ğŸ¥°â¤ï¸â¤ï¸â¤ï¸,0
c3f39607-19ec-4d90-9ddf-da1a45e252d0,7522200346312166678,,@Scorpion Gabriela,"Traiasca Romania Mare cu Calin Georgescu presedintele nostru ales din inima ğŸ‘ğŸ‘ğŸ‘Jos caricaturile de la conducerea tari ğŸ˜¡ğŸ˜¡ğŸ˜¡Jos maimutoii sorosisti, jos jeguri penale, jos Bolovanu si Muciosu ğŸ˜¡ğŸ˜¡ğŸ˜¡CURATENIE GENERALA URGENT ğŸ˜¡ğŸ˜¡ğŸ˜¡",0
9ef57d62-c02b-4076-9776-00d156c072ac,7522200346312166678,,Mariana,Calin Georgescu este si va fi preÈ™edintele RomÃ¢niei,0
54e34e80-56bc-4307-bf47-3a29c8c62524,7522200346312166678,,Miruna,"O sÄƒ plÃ¢ngem o È›arÄƒ dacÄƒ este adevÄƒrat ceea ce spui ,o sÄƒ plÃ¢ngem toÈ›i de bucurie ğŸ˜­ğŸ˜­ğŸ˜­",0
45ab3d0a-2835-4cb1-9537-f8e2f29475fb,7522200346312166678,,Deyvyd Andreas,Respect Rusia ğŸ’ª ğŸ‡·ğŸ‡º,0
ae7c1e5b-6392-41e3-ad2e-c6acd3d997ae,7522200346312166678,,PERLA,Calin Georgescu e preÈ™edintele meu,0
399721a2-d800-44e2-a620-f0556281b6bc,7522200346312166678,,larisa1967emanuela,doamne ajuta amin Calin Georgescu este presedintele Romaniei â™¥ï¸â™¥ï¸â™¥ï¸â™¥ï¸â™¥ï¸â™¥ï¸,0
668d8123-f11d-4a22-8cb5-7e7cd0755642,7522200346312166678,,Carmensita,Doamne ajuta sa fie asa,0
4de23da7-d4c9-4761-a1d9-daf6c879df01,7522200346312166678,,frangandudujohn,Doamne ajuta Calin Georgescu presedintele Romaniei numai asa scapam de toti hoti nemernici si tradatori de neam si jos guvernul ticalos securist si ilegitim. ğŸ¥°ğŸ¥°ğŸ¥°ğŸ¥°ğŸ¥°ğŸ¥°ğŸ¥°ğŸ¥°ğŸ¥°ğŸ¥°ğŸ¥°ğŸ¥°,0
d44891e4-690d-4fe5-bbcb-1ad38e05d1d3,7522200346312166678,,Rosu Aurelia,"DACÄ‚ AR FI AÈ˜A,TOATÄ‚ ÈšARA VA FI ÃN STRADÄ‚ DE BUCURIE....ğŸ™ğŸ™ğŸ™ğŸ™ğŸ™",0
ade738ba-a197-4b97-ad4f-06ddc376b952,7522200346312166678,,Nicolae Petrescu125,Doamne ajuta Calin Georgescu presedinte,0
efdf9f1a-3a8e-41d6-80fd-f08cbcba2ba5,7522200346312166678,,daniel,tribunalul sportiv de la Haga ğŸ˜‚ğŸ˜‚ğŸ¤£ğŸ˜…ğŸ˜†ğŸ˜…ğŸ¤£ğŸ¤£,0
281f89e9-4198-4a61-adb5-872920041fc1,7522200346312166678,,sofiagabriela364,MÄƒi oamenii nu cred pÃ¢nÄƒ nu vÄƒd Ã®mi doresc din tot sufletul sÄƒ-l vÄƒd preÈ™edinte,0
76c7e025-ae20-4719-b01e-242025b596af,7522200346312166678,,Anica Popa,Dar trÄƒdÄƒtorii nu vor accepta asta.,0
2b16316f-f378-4ae4-a697-fd3afc19975e,7522200346312166678,,Nevermind,e fotbalist Calin?ğŸ¤£ğŸ¤£ğŸ¤£ğŸ¤£,0
387db91f-7237-402a-a450-982c19508fee,7522200346312166678,,Bocsa Natalia,Calin Georgescu e preÈ™edintele meu,0
0aff7c38-ceca-472f-ba20-22ac61e753dc,7522200346312166678,,Lia Rusalina,Doamne ajuta â¤ï¸CÄƒlin Georgescu PREÈ˜EDINTE â¤ï¸,0
c3eaef00-a597-46c1-ac8f-225bb3f5ce63,7522200346312166678,,Florin C Dume,"Nu vedeÈ›i ca Ã®È™i bate joc de susÈ›inÄƒtori lu CÄƒlin ,â€¦.",0
22a7b566-f4b9-4d1f-85f4-67869141e3ab,7522200346312166678,,Dumitru Serban,dea Dumnezeu ce spui sa fie adevÄƒrat ma Ã®mbÄƒt de bucurie sa fi fericit prietenul meu,0
ff030a07-15ef-464c-8be4-9b7b75b3320a,7522200346312166678,,olgaolga15981,pÃ¢nÄƒ nu Ã®l vÄƒd la Cotroceni nu cred,0
53843259-f7b9-4e76-a81e-9bd90678afd4,7522200346312166678,,nicoletav83,unde?unde SA verificam?,0
448b0007-0e7d-48a4-9c58-9113747ea818,7522200346312166678,,marimandache0,"Mucusor nu este presedintele nostru ,Calin Georgescu este presedintele nostru ai RomÃ¢nieiğŸ™ğŸ™ğŸ™ğŸ™ğŸ™ğŸ™ğŸ™",0
c08da683-7d7c-4bcb-a8e9-916c2522808c,7522200346312166678,,DURAS,"AdevÄƒrat, Tribunalul Sportiv de Balet a hotÄƒrÃ¢t reluarea turului doi.",0
0b975ab9-5ca5-446a-8eab-477a433bddbc,7522200346312166678,,Daniel,CG e preÈ™edintele ales de noi poporul,0
e88c467c-eaff-4fd7-9849-503ca2d1707f,7442757197278366998,,juravle veronica,Mister president Trump please help RomÃ¢nia and CÄƒlin Georgescu!,0
56aedd50-894c-4ab7-9120-dce48e8fbef4,7442757197278366998,,È˜tefan Sorin PricÄƒ,HELP ROMANIA ! CALIN GEORGESCU PRESIDENTE.,0
5300451c-4313-4f60-896f-f1d7e5a4883f,7442757197278366998,,valeriaursaru,DA AÈ˜A ESTE DOAR D-NUL CÄ‚LIN GEORGESCU POATE È˜I ARE TOATE CALITÄ‚ÈšILE EXCELENTE PENTRU VIITORUL ROMÃ‚NIEI È˜I-A CETÄ‚ÈšENILOR ÃNTREGII ROMÃ‚NII. TOATÄ‚ STIMA È˜I RESPECT MAXIM D-NULE PREÈ˜EDINTE TRUMP SPERANÈšA OMENIRII.â¤ï¸â¤ï¸â¤ï¸â¤ï¸â¤ï¸ğŸ˜˜,0
c199a21d-083c-497d-a4ba-bd700201505e,7442757197278366998,,adianapopa,È˜i unde vorbea despre kremlin Georgescu?! ğŸ˜³,0
4cd769d7-945f-4c9b-aa27-94d1d9b7cee1,7442757197278366998,,Ionel Ardelean,FiÈ›i uniÈ›i È™i apÄƒraÈ›i valorile poporului romÃ¢n.Noi Ã®l vom susÈ›ine pÃ¢nÄƒ la. moarte pe preÈ™edintele nostru.Calin Georgescu.,0
b764e6c2-00ef-4406-bafd-883f3afd6bec,7442757197278366998,,simplywals,globalismul e viitorul lol,0
deeb128a-d0ae-4c54-99b8-f8743982ff6b,7442757197278366998,,florentinaclain,Plase help Romania and CÄƒlin Georgescu!!!!,0
8d28263d-8701-4b9d-a906-8bf099402c33,7442757197278366998,,Iuliana@zaharia,Iubesc tara si o respect si mai mult acum pentru ca simnt o speranÈ›a si o mandrie ca sunt romÃ¢ncÄƒ ! Datorita unui om bun CÄƒlin Georgescu ğŸ‡¹ğŸ‡©â¤ğŸ˜Š Este un tatÄƒ / bunic pentru toÈ›i copii RomÃ¢niei!,0
255dcbd9-349f-4fb6-92e3-f4ae52c267a3,7442757197278366998,,mariuspiergus,traiasca RomÃ¢nia È›ara mea frumoasa,0
b86b3a15-d4d4-423e-8168-1ca928a619ea,7442757197278366998,,Ionel Codreanu,ğŸ¥°ğŸ˜‚ğŸ¥°Dumnezeu sa va binecuvinteze È™i tota familia È™i tota RomÃ¢nia È™i America,0
f32fb1ec-27e1-4514-b8ff-f2716c046299,7442757197278366998,,MariağŸ˜˜â¤ï¸ğŸ˜˜Anais 32,"Mr Trump Ã®s canceled the elections and removed CÄƒlin Georgescu from the race, please change something, do something urgently, I sincerely beg you.",0
2eceb109-f997-4265-9ecf-c05605853601,7442757197278366998,,user9718043310134,Plase help RomÃ¢nia. CÄƒlin Georgescu ğŸ™,0
c552798d-6268-437a-90b1-7c3db7730790,7442757197278366998,,MaxğŸ’™,"Romania needs your help Mr. President, help We want Calin Georgescu the man of God!!",0
1923f39f-59d2-4036-8838-bf503f24053a,7442757197278366998,,Iuliana Oncescu330,domnule cÄƒlin Georgescu noi poporul nu vom accepta È™i nu considerÄƒm preÈ™edinte pe altul dv sinteti din primul tur al poporului nu renunÈ›aÈ›i Lo noi vÄƒ iubim È™i vÄƒ susÈ›inemDumnezeu este alaturi de dv,0
def3726b-8ae1-4da8-bb94-2504ffd8af04,7442757197278366998,,RDI,Se vede clar C Geogescu e omul potrivit,0
1c60896a-f7dd-4bb1-a0d4-51a9897684a0,7442757197278366998,,EyLiot,"Please God, help Romania!",0
997e5a2f-d979-4a95-a7b6-0ce3ecfd5875,7442757197278366998,,Aura20000,Fix despre toate acestea a vorbit È™i vorbeÈ™te CÄƒlin Georgescu,0
0ac3d01b-4549-4562-bdc6-9ec07737c6c2,7442757197278366998,,puÈ™a puÈ™ağŸ©·,bine a vb dnul Trump la fel ca dnul Georgescu deaia nu-l vor guvernantii,0
54dc71d8-f226-46bd-845f-89713e35cc78,7442757197278366998,,Daniela Butculescu,ğŸ™ğŸ™ğŸ™ğŸ™ğŸ™ğŸ™ğŸ™ğŸ™ğŸ™Grija la domnul CÄƒlin Georgescu ğŸ™ğŸ™ğŸ™ğŸ™ğŸ™ğŸ™ğŸ™ğŸ™ğŸ™ e al nostru presedinteğŸ™ğŸ™ğŸ™,0
726cc151-08ab-429a-b0af-49037e692c36,7442757197278366998,,Susana,DistribuiÈ›i masiv!!! CÄƒlin Georgescu preÈ™edintele romÃ¢niei ğŸ‡·ğŸ‡´,0
74a649c0-719e-438f-b93a-deb50815723f,7442757197278366998,,juravle veronica,Mister president Trump please help RomÃ¢nia and CÄƒlin Georgescu!,0
c0f1219f-211b-498d-8d14-59a55d2d1350,7442757197278366998,,È˜tefan Sorin PricÄƒ,HELP ROMANIA ! CALIN GEORGESCU PRESIDENTE.,0
97e8d2e1-f2e0-4c89-957e-5a9cab3db5c0,7442757197278366998,,valeriaursaru,DA AÈ˜A ESTE DOAR D-NUL CÄ‚LIN GEORGESCU POATE È˜I ARE TOATE CALITÄ‚ÈšILE EXCELENTE PENTRU VIITORUL ROMÃ‚NIEI È˜I-A CETÄ‚ÈšENILOR ÃNTREGII ROMÃ‚NII. TOATÄ‚ STIMA È˜I RESPECT MAXIM D-NULE PREÈ˜EDINTE TRUMP SPERANÈšA OMENIRII.â¤ï¸â¤ï¸â¤ï¸â¤ï¸â¤ï¸ğŸ˜˜,0
da343282-c380-4098-9974-ba949ba44e42,7442757197278366998,,adianapopa,È˜i unde vorbea despre kremlin Georgescu?! ğŸ˜³,0
0f49c5ed-67a6-47e9-9216-9110a90eaae4,7442757197278366998,,Ionel Ardelean,FiÈ›i uniÈ›i È™i apÄƒraÈ›i valorile poporului romÃ¢n.Noi Ã®l vom susÈ›ine pÃ¢nÄƒ la. moarte pe preÈ™edintele nostru.Calin Georgescu.,0
ae32a4b0-125d-43f2-a963-4da16ad93224,7442757197278366998,,simplywals,globalismul e viitorul lol,0
015a8cf2-18e2-4363-a45c-3a4a40d4d39e,7442757197278366998,,florentinaclain,Plase help Romania and CÄƒlin Georgescu!!!!,0
5dcfd0bd-c856-4b66-a7e3-764048a41c56,7442757197278366998,,Iuliana@zaharia,Iubesc tara si o respect si mai mult acum pentru ca simnt o speranÈ›a si o mandrie ca sunt romÃ¢ncÄƒ ! Datorita unui om bun CÄƒlin Georgescu ğŸ‡¹ğŸ‡©â¤ğŸ˜Š Este un tatÄƒ / bunic pentru toÈ›i copii RomÃ¢niei!,0
83041169-ee75-401e-a586-e740f312c3df,7442757197278366998,,mariuspiergus,traiasca RomÃ¢nia È›ara mea frumoasa,0
5341006c-35e6-400b-bf8b-7bb35106a3bb,7442757197278366998,,Ionel Codreanu,ğŸ¥°ğŸ˜‚ğŸ¥°Dumnezeu sa va binecuvinteze È™i tota familia È™i tota RomÃ¢nia È™i America,0
37b8f206-cb13-4796-af66-12d926ad2599,7442757197278366998,,MariağŸ˜˜â¤ï¸ğŸ˜˜Anais 32,"Mr Trump Ã®s canceled the elections and removed CÄƒlin Georgescu from the race, please change something, do something urgently, I sincerely beg you.",0
876548d1-9599-46ae-b9ae-b21799491e92,7442757197278366998,,user9718043310134,Plase help RomÃ¢nia. CÄƒlin Georgescu ğŸ™,0
e7831b66-73fc-49da-9386-6ab73a933ad3,7442757197278366998,,MaxğŸ’™,"Romania needs your help Mr. President, help We want Calin Georgescu the man of God!!",0
4d3e64be-b0ca-465a-a348-74dce172c6bb,7442757197278366998,,Iuliana Oncescu330,domnule cÄƒlin Georgescu noi poporul nu vom accepta È™i nu considerÄƒm preÈ™edinte pe altul dv sinteti din primul tur al poporului nu renunÈ›aÈ›i Lo noi vÄƒ iubim È™i vÄƒ susÈ›inemDumnezeu este alaturi de dv,0
42f780f3-26e1-459f-a8a4-9303a754e64c,7442757197278366998,,RDI,Se vede clar C Geogescu e omul potrivit,0
7ba1c7f8-7d26-41b8-8d0a-a8de828a8414,7442757197278366998,,EyLiot,"Please God, help Romania!",0
7a121709-d054-49b9-b808-8f6b9786d758,7442757197278366998,,Aura20000,Fix despre toate acestea a vorbit È™i vorbeÈ™te CÄƒlin Georgescu,0
577c0888-bf1f-43e5-a6fa-8a7cdfe6a9c5,7442757197278366998,,puÈ™a puÈ™ağŸ©·,bine a vb dnul Trump la fel ca dnul Georgescu deaia nu-l vor guvernantii,0
a5bcbde6-7d47-468e-8d46-52482f125345,7442757197278366998,,Daniela Butculescu,ğŸ™ğŸ™ğŸ™ğŸ™ğŸ™ğŸ™ğŸ™ğŸ™ğŸ™Grija la domnul CÄƒlin Georgescu ğŸ™ğŸ™ğŸ™ğŸ™ğŸ™ğŸ™ğŸ™ğŸ™ğŸ™ e al nostru presedinteğŸ™ğŸ™ğŸ™,0
88b21809-e794-4b98-b7a5-746e1faf6084,7442757197278366998,,Susana,DistribuiÈ›i masiv!!! CÄƒlin Georgescu preÈ™edintele romÃ¢niei ğŸ‡·ğŸ‡´,0
84056c26-36fe-40d5-8634-8e2ff5d7fc02,7442757197278366998,,juravle veronica,Mister president Trump please help RomÃ¢nia and CÄƒlin Georgescu!,0
77465541-78fd-45da-a84e-e1f7de996cd7,7442757197278366998,,È˜tefan Sorin PricÄƒ,HELP ROMANIA ! CALIN GEORGESCU PRESIDENTE.,0
c1785535-45df-4a24-9acd-50ed9045b9e5,7442757197278366998,,valeriaursaru,DA AÈ˜A ESTE DOAR D-NUL CÄ‚LIN GEORGESCU POATE È˜I ARE TOATE CALITÄ‚ÈšILE EXCELENTE PENTRU VIITORUL ROMÃ‚NIEI È˜I-A CETÄ‚ÈšENILOR ÃNTREGII ROMÃ‚NII. TOATÄ‚ STIMA È˜I RESPECT MAXIM D-NULE PREÈ˜EDINTE TRUMP SPERANÈšA OMENIRII.â¤ï¸â¤ï¸â¤ï¸â¤ï¸â¤ï¸ğŸ˜˜,0
6c395d23-ec39-475f-8bec-3d7c138f0b05,7442757197278366998,,adianapopa,È˜i unde vorbea despre kremlin Georgescu?! ğŸ˜³,0
9fa3c1f0-89b0-4aad-b1a4-d64eb5a18bb4,7442757197278366998,,Ionel Ardelean,FiÈ›i uniÈ›i È™i apÄƒraÈ›i valorile poporului romÃ¢n.Noi Ã®l vom susÈ›ine pÃ¢nÄƒ la. moarte pe preÈ™edintele nostru.Calin Georgescu.,0
3c5838f9-5a5b-453d-b21c-7d7fb0256012,7442757197278366998,,simplywals,globalismul e viitorul lol,0
9f5b46f1-ca8e-4668-9bf8-c78d557c8ecf,7442757197278366998,,florentinaclain,Plase help Romania and CÄƒlin Georgescu!!!!,0
f492982f-f268-44c3-a92a-5170a67e35a6,7442757197278366998,,Iuliana@zaharia,Iubesc tara si o respect si mai mult acum pentru ca simnt o speranÈ›a si o mandrie ca sunt romÃ¢ncÄƒ ! Datorita unui om bun CÄƒlin Georgescu ğŸ‡¹ğŸ‡©â¤ğŸ˜Š Este un tatÄƒ / bunic pentru toÈ›i copii RomÃ¢niei!,0
ca62f655-1fe3-4149-8b95-409c79deed5a,7442757197278366998,,mariuspiergus,traiasca RomÃ¢nia È›ara mea frumoasa,0
f0367385-01dc-4c95-998f-8e6f1ac9b01d,7442757197278366998,,Ionel Codreanu,ğŸ¥°ğŸ˜‚ğŸ¥°Dumnezeu sa va binecuvinteze È™i tota familia È™i tota RomÃ¢nia È™i America,0
5e11a54a-8495-4c74-a137-2dd1a2b9fbb7,7442757197278366998,,MariağŸ˜˜â¤ï¸ğŸ˜˜Anais 32,"Mr Trump Ã®s canceled the elections and removed CÄƒlin Georgescu from the race, please change something, do something urgently, I sincerely beg you.",0
e558334c-dddc-4247-ba53-516a55fe9160,7442757197278366998,,user9718043310134,Plase help RomÃ¢nia. CÄƒlin Georgescu ğŸ™,0
d4f08d8a-7925-4dea-b65e-e3e25619c317,7442757197278366998,,MaxğŸ’™,"Romania needs your help Mr. President, help We want Calin Georgescu the man of God!!",0
45596a7e-193d-4259-9ae6-616c2db7736b,7442757197278366998,,Iuliana Oncescu330,domnule cÄƒlin Georgescu noi poporul nu vom accepta È™i nu considerÄƒm preÈ™edinte pe altul dv sinteti din primul tur al poporului nu renunÈ›aÈ›i Lo noi vÄƒ iubim È™i vÄƒ susÈ›inemDumnezeu este alaturi de dv,0
819eeb7d-f47a-4f94-85ac-15be02aa32bd,7442757197278366998,,RDI,Se vede clar C Geogescu e omul potrivit,0
b2c16a5b-b20a-485e-aebf-3ec9b6212119,7442757197278366998,,EyLiot,"Please God, help Romania!",0
24381ed7-15fd-46f6-9f7c-2b32ee020327,7442757197278366998,,Aura20000,Fix despre toate acestea a vorbit È™i vorbeÈ™te CÄƒlin Georgescu,0
ac99b01a-b1f0-4550-bc23-66760dadf4e2,7442757197278366998,,puÈ™a puÈ™ağŸ©·,bine a vb dnul Trump la fel ca dnul Georgescu deaia nu-l vor guvernantii,0
9b72f33b-ca9d-4b0b-8d3a-a096ec05ba24,7442757197278366998,,Daniela Butculescu,ğŸ™ğŸ™ğŸ™ğŸ™ğŸ™ğŸ™ğŸ™ğŸ™ğŸ™Grija la domnul CÄƒlin Georgescu ğŸ™ğŸ™ğŸ™ğŸ™ğŸ™ğŸ™ğŸ™ğŸ™ğŸ™ e al nostru presedinteğŸ™ğŸ™ğŸ™,0
564473dd-e2d5-4deb-8875-57daa0751c2a,7442757197278366998,,Susana,DistribuiÈ›i masiv!!! CÄƒlin Georgescu preÈ™edintele romÃ¢niei ğŸ‡·ğŸ‡´,0
acfdde61-71c1-4784-a545-4e201320013c,7526197136904424706,,Mefisto,":áªá¯áªá°á°á«á±á¬á±á¬á°á¬á°á°á«á°á«á°á¬á°á°á¬á°á±á¬á±á±á¬ Sa mi bag pl n fam lui de garoi,si in toti fanii lui áªá¯áªá°á°á«á±á¬á±á¬á°á¬á°á°á«á°á«á°á¬á°á°á¬á°á±á¬á±á±á¬",0
f1bae124-adeb-4ba4-badc-0ce2a3939d41,7526197136904424706,,irinell89ğŸŠ,"cine este prostul de jos ? cred ca si-a incheiat cariera ğŸ˜‚ğŸ˜‚ğŸ’ªğŸ’ªğŸ’ª , forza veteranii Hip hop ğŸ’ªğŸ’ªğŸ’ª",0
7c6bc56f-abfe-4e33-b54c-4a3249ea6fba,7526197136904424706,,naciurafaelacrist,nu Ã®nÈ›eleg de ce nu au fÄƒcut nimic Ã®n privinÈ›a lu asta legea trebuie oprit din prima ğŸ˜¡ğŸ˜¡,0
088e3d99-f90a-4699-baf9-846f25ddab1b,7526197136904424706,,mironclaudiu0,bÄƒi fraÈ›ilor cinei Ã®i promoveazÄƒ pe copii Äƒstea cu cap de gumÄƒ ğŸ¤®ğŸ˜¡ğŸ˜¡,0
001d2b5c-4337-4380-8a6d-c01768f4d80e,7526197136904424706,,alexniculadarnea,"Puya omul,Puya artistul,Puya romÃ¢nul nostru cu un caracter frumos el nu sa vÃ¢ndut el iubeste romÃ¢nia si noi Ã®l iubim si Ã®l respectÄƒm! Te iubim Puya!",0
b154bbb5-0d1a-45c0-bafa-a8eeb27491e6,7526197136904424706,,Claudio John,deci ala denigreaza tara si oameni aplauda...no words,0
c042100e-73f4-4890-aff8-cb8f7ec11e2e,7526197136904424706,,Solo11Gmm,nici nu se compara...Puya...Legenda...nimeni Ã®n drum Äƒla ii unul care toatÄƒ RomÃ¢nia se face pe el...ğŸ’ªğŸ’ªğŸ’ª,0
31ecc8e5-3b64-47a5-9748-728453951a04,7526197136904424706,,Cristea Alexandra â¤ï¸,sunt multe de spus...dar Puya e visğŸ™ğŸ¥°ğŸ¥°ğŸ¥°,0
c37f4acc-e6d9-4d46-867b-6eb8cb5a77e3,7526197136904424706,,ğŸ’¥MichyğŸ’¥,FelicitÄƒri Puya respect maxim ğŸ‘ğŸ‡·ğŸ‡´ğŸ‘,0
685fbf85-f192-4c85-af9d-ac51a67a67ad,7526197136904424706,,Arhanghelul Mihail,"Ca e bine sau rau in tara noastra,oameni buni,suntem ROMANI,orice ar fi si oriunde am fiğŸ«¡",0
2d3fa366-f029-46ea-8508-67454f0b2d2d,7526197136904424706,,Felicia IbÄƒnescu,"FelicitÄƒri,Puya! Respect, Puya!â¤ï¸",0
9d5b67bc-1b33-421b-bf88-df9de0d88000,7526197136904424706,,avocado ğŸ’ªğŸ»,Bv Puya â¤ï¸mÃ¢ndru ca am crescut cu muzica ta,0
7ec01d74-24cb-4fba-b37b-4e00bf120db1,7526197136904424706,,Samoilaionut,ar trebui sa invete de la veterani adevarata muzica nu ce canta astia din ziua de azi,0
649ac57b-05d1-40d1-a1ee-ea82cfbc5e36,7526197136904424706,,Alex Wolf ğŸ‡·ğŸ‡´,Eu pe puya È™i sisu I am respectat de mult timp. È˜i sunt cei mai respectaÈ›i oameni ğŸ«¡ğŸ‡·ğŸ‡´â¤ï¸ğŸ‘‘,0
18b84f1e-b8b0-4e4b-afde-474dbb696e41,7526197136904424706,,D,"Bravo, Puya! Respect maxim! ğŸ‘ğŸ¤—",0
d6dde7d3-136e-4df3-bd14-e26e00afa90b,7526197136904424706,,marcellazar3,"respekt ROMÃ‚NIA, BUCOVINAğŸ¥°ğŸ¥°ğŸ¥°",0
3648219e-038a-4601-94f8-ffca96b74bd6,7526197136904424706,,zvenaty,Love Puya.. Respect,0
e738f9ec-78fb-43be-88cd-c107ba523fba,7526197136904424706,,andreigrigore928,BRAVO PUYAğŸ‘ğŸ‘ğŸ¥°ğŸ¤ğŸ¤ğŸ’ªâœŒï¸,0
7d8d671f-d7ff-43fe-b6f0-d5051f8de1ec,7526197136904424706,,Mihai Leleczi,"puya respect un adevÄƒrat roman, un adevÄƒrat patriot ğŸ‘ğŸ‘ğŸ‘",0
d1f5ae00-1c73-4cc3-a5a6-cd4402d19b85,7526197136904424706,,Stan Ciprian,respect puia forta,0
4a26b64a-65ca-48f8-adc6-d03c44cfeeee,7526197136904424706,,Mefisto,":áªá¯áªá°á°á«á±á¬á±á¬á°á¬á°á°á«á°á«á°á¬á°á°á¬á°á±á¬á±á±á¬ Sa mi bag pl n fam lui de garoi,si in toti fanii lui áªá¯áªá°á°á«á±á¬á±á¬á°á¬á°á°á«á°á«á°á¬á°á°á¬á°á±á¬á±á±á¬",0
0c93da79-2156-4024-8c75-a3b078c65615,7526197136904424706,,irinell89ğŸŠ,"cine este prostul de jos ? cred ca si-a incheiat cariera ğŸ˜‚ğŸ˜‚ğŸ’ªğŸ’ªğŸ’ª , forza veteranii Hip hop ğŸ’ªğŸ’ªğŸ’ª",0
6a574379-ec6e-45be-85ec-38732bb359cd,7526197136904424706,,naciurafaelacrist,nu Ã®nÈ›eleg de ce nu au fÄƒcut nimic Ã®n privinÈ›a lu asta legea trebuie oprit din prima ğŸ˜¡ğŸ˜¡,0
e0275163-770f-4ae5-8b0f-97a83234ebc1,7526197136904424706,,mironclaudiu0,bÄƒi fraÈ›ilor cinei Ã®i promoveazÄƒ pe copii Äƒstea cu cap de gumÄƒ ğŸ¤®ğŸ˜¡ğŸ˜¡,0
b5b53c98-09d9-4348-8ac1-fdcc18f7fdb6,7526197136904424706,,alexniculadarnea,"Puya omul,Puya artistul,Puya romÃ¢nul nostru cu un caracter frumos el nu sa vÃ¢ndut el iubeste romÃ¢nia si noi Ã®l iubim si Ã®l respectÄƒm! Te iubim Puya!",0
9fde6f5f-dcb7-42f7-ab42-ab7532bc5116,7526197136904424706,,Claudio John,deci ala denigreaza tara si oameni aplauda...no words,0
2da408df-a540-427f-8c84-3ef61af32f4c,7526197136904424706,,Solo11Gmm,nici nu se compara...Puya...Legenda...nimeni Ã®n drum Äƒla ii unul care toatÄƒ RomÃ¢nia se face pe el...ğŸ’ªğŸ’ªğŸ’ª,0
ac3fcd6e-85fd-4a34-8928-05e54e45df12,7526197136904424706,,Cristea Alexandra â¤ï¸,sunt multe de spus...dar Puya e visğŸ™ğŸ¥°ğŸ¥°ğŸ¥°,0
a092c05b-3163-412f-ac25-51b0ecdaaf65,7526197136904424706,,ğŸ’¥MichyğŸ’¥,FelicitÄƒri Puya respect maxim ğŸ‘ğŸ‡·ğŸ‡´ğŸ‘,0
66af1dd3-8a6b-40ff-a635-4e52354dfb20,7526197136904424706,,Arhanghelul Mihail,"Ca e bine sau rau in tara noastra,oameni buni,suntem ROMANI,orice ar fi si oriunde am fiğŸ«¡",0
fa10a8ce-c270-4c98-a93a-e49cc2c4ef43,7526197136904424706,,Felicia IbÄƒnescu,"FelicitÄƒri,Puya! Respect, Puya!â¤ï¸",0
6927ecee-0738-463a-b4b4-7c4686969b8d,7526197136904424706,,avocado ğŸ’ªğŸ»,Bv Puya â¤ï¸mÃ¢ndru ca am crescut cu muzica ta,0
57be637e-b0a0-4bcc-9c0b-ec53a987747d,7526197136904424706,,Samoilaionut,ar trebui sa invete de la veterani adevarata muzica nu ce canta astia din ziua de azi,0
73645b3f-94ec-4254-b6c1-3776f789954c,7526197136904424706,,Alex Wolf ğŸ‡·ğŸ‡´,Eu pe puya È™i sisu I am respectat de mult timp. È˜i sunt cei mai respectaÈ›i oameni ğŸ«¡ğŸ‡·ğŸ‡´â¤ï¸ğŸ‘‘,0
1c77903f-6530-47ab-a945-ba2eff301263,7526197136904424706,,D,"Bravo, Puya! Respect maxim! ğŸ‘ğŸ¤—",0
6c0fa9df-01a8-47b7-8e43-254ac73cb42e,7526197136904424706,,marcellazar3,"respekt ROMÃ‚NIA, BUCOVINAğŸ¥°ğŸ¥°ğŸ¥°",0
3212073e-05e8-4e8e-98ef-2c48ff205ea7,7526197136904424706,,zvenaty,Love Puya.. Respect,0
17e31fd4-f9d9-4c87-8638-2011df8b45bc,7526197136904424706,,andreigrigore928,BRAVO PUYAğŸ‘ğŸ‘ğŸ¥°ğŸ¤ğŸ¤ğŸ’ªâœŒï¸,0
5be5e0ae-8bcc-4fc4-88a7-e6d6225ce2aa,7526197136904424706,,Mihai Leleczi,"puya respect un adevÄƒrat roman, un adevÄƒrat patriot ğŸ‘ğŸ‘ğŸ‘",0
e5552160-0b95-4b17-b4fa-95b3e99f3b57,7526197136904424706,,Stan Ciprian,respect puia forta,0
69dc308b-f30f-4165-9a1b-ed4f7beb8b0c,7526197136904424706,,Mefisto,":áªá¯áªá°á°á«á±á¬á±á¬á°á¬á°á°á«á°á«á°á¬á°á°á¬á°á±á¬á±á±á¬ Sa mi bag pl n fam lui de garoi,si in toti fanii lui áªá¯áªá°á°á«á±á¬á±á¬á°á¬á°á°á«á°á«á°á¬á°á°á¬á°á±á¬á±á±á¬",0
d76aefde-803e-49a1-8e86-2a2512e712c1,7526197136904424706,,irinell89ğŸŠ,"cine este prostul de jos ? cred ca si-a incheiat cariera ğŸ˜‚ğŸ˜‚ğŸ’ªğŸ’ªğŸ’ª , forza veteranii Hip hop ğŸ’ªğŸ’ªğŸ’ª",0
2b2047fd-8444-4ea8-a3ea-fbda858e400a,7526197136904424706,,naciurafaelacrist,nu Ã®nÈ›eleg de ce nu au fÄƒcut nimic Ã®n privinÈ›a lu asta legea trebuie oprit din prima ğŸ˜¡ğŸ˜¡,0
c1a8e0b5-b078-47ac-b65e-6cf19bc8e4c6,7526197136904424706,,mironclaudiu0,bÄƒi fraÈ›ilor cinei Ã®i promoveazÄƒ pe copii Äƒstea cu cap de gumÄƒ ğŸ¤®ğŸ˜¡ğŸ˜¡,0
856e5c09-bd8e-445a-9db0-6ab90bfbefe2,7526197136904424706,,alexniculadarnea,"Puya omul,Puya artistul,Puya romÃ¢nul nostru cu un caracter frumos el nu sa vÃ¢ndut el iubeste romÃ¢nia si noi Ã®l iubim si Ã®l respectÄƒm! Te iubim Puya!",0
ea33e65c-b162-47f4-ac4a-40e2916144d8,7526197136904424706,,Claudio John,deci ala denigreaza tara si oameni aplauda...no words,0
6dd34ad7-59b7-4ea6-96bb-beef6e2e3ed9,7526197136904424706,,Solo11Gmm,nici nu se compara...Puya...Legenda...nimeni Ã®n drum Äƒla ii unul care toatÄƒ RomÃ¢nia se face pe el...ğŸ’ªğŸ’ªğŸ’ª,0
4cdefa01-5c27-4e41-bf3c-3a1a945d8709,7526197136904424706,,Cristea Alexandra â¤ï¸,sunt multe de spus...dar Puya e visğŸ™ğŸ¥°ğŸ¥°ğŸ¥°,0
a4a4800d-d302-49df-ae03-7cec8bb78536,7526197136904424706,,ğŸ’¥MichyğŸ’¥,FelicitÄƒri Puya respect maxim ğŸ‘ğŸ‡·ğŸ‡´ğŸ‘,0
6c9d48fc-180d-4a14-9f66-e69bfbfd4c33,7526197136904424706,,Arhanghelul Mihail,"Ca e bine sau rau in tara noastra,oameni buni,suntem ROMANI,orice ar fi si oriunde am fiğŸ«¡",0
31e63809-4e93-425e-b41d-1e10599853eb,7526197136904424706,,Felicia IbÄƒnescu,"FelicitÄƒri,Puya! Respect, Puya!â¤ï¸",0
d8a4f02c-c687-434e-b300-47396ee19176,7526197136904424706,,avocado ğŸ’ªğŸ»,Bv Puya â¤ï¸mÃ¢ndru ca am crescut cu muzica ta,0
4c5532d4-ff5f-4fee-810d-070caac037ce,7526197136904424706,,Samoilaionut,ar trebui sa invete de la veterani adevarata muzica nu ce canta astia din ziua de azi,0
0a353f33-b197-49ae-a77f-66dfba7703b8,7526197136904424706,,Alex Wolf ğŸ‡·ğŸ‡´,Eu pe puya È™i sisu I am respectat de mult timp. È˜i sunt cei mai respectaÈ›i oameni ğŸ«¡ğŸ‡·ğŸ‡´â¤ï¸ğŸ‘‘,0
21967a4e-c0cc-4ed6-affc-028b48720f57,7526197136904424706,,D,"Bravo, Puya! Respect maxim! ğŸ‘ğŸ¤—",0
fe3580ea-b2ca-4129-8888-e24cdee1847d,7526197136904424706,,marcellazar3,"respekt ROMÃ‚NIA, BUCOVINAğŸ¥°ğŸ¥°ğŸ¥°",0
b397696c-31d9-4103-a816-f9a35bfe416d,7526197136904424706,,zvenaty,Love Puya.. Respect,0
059cf9c0-5925-4c31-ade9-f8613160115d,7526197136904424706,,andreigrigore928,BRAVO PUYAğŸ‘ğŸ‘ğŸ¥°ğŸ¤ğŸ¤ğŸ’ªâœŒï¸,0
b3bd8ba7-f5c5-4e58-bb2f-c2112bf52da4,7526197136904424706,,Mihai Leleczi,"puya respect un adevÄƒrat roman, un adevÄƒrat patriot ğŸ‘ğŸ‘ğŸ‘",0
da246d5e-66fd-490d-8d0c-80484b30c041,7526197136904424706,,Stan Ciprian,respect puia forta,0
